-- --------------------------------------------------------
-- Host:                         localhost
-- Server version:               10.11.1-MariaDB - mariadb.org binary distribution
-- Server OS:                    Win64
-- HeidiSQL Version:             11.3.0.6295
-- --------------------------------------------------------

/*!40101 SET @OLD_CHARACTER_SET_CLIENT = @@CHARACTER_SET_CLIENT */;
/*!40101 SET NAMES utf8 */;
/*!50503 SET NAMES utf8mb4 */;
/*!40014 SET @OLD_FOREIGN_KEY_CHECKS = @@FOREIGN_KEY_CHECKS, FOREIGN_KEY_CHECKS = 0 */;
/*!40101 SET @OLD_SQL_MODE = @@SQL_MODE, SQL_MODE = 'NO_AUTO_VALUE_ON_ZERO' */;
/*!40111 SET @OLD_SQL_NOTES = @@SQL_NOTES, SQL_NOTES = 0 */;

-- Dumping data for table smart_garage.password_reset_tokens: ~0 rows (approximately)
/*!40000 ALTER TABLE `password_reset_tokens`
    DISABLE KEYS */;
/*!40000 ALTER TABLE `password_reset_tokens`
    ENABLE KEYS */;

-- Dumping data for table smart_garage.repairs: ~44 rows (approximately)
/*!40000 ALTER TABLE `repairs`
    DISABLE KEYS */;
INSERT INTO `repairs` (`repair_id`, `name`, `price`, `is_deleted`)
VALUES (1, 'Oil change', 30.99, 1),
       (2, 'Oil Filter Change', 19.99, 1),
       (3, 'Brake inspection', 40.99, 1),
       (4, 'Front windshield change', 280.00, 0),
       (5, 'Oil change', 39.00, 0),
       (6, 'Oil Filter Change', 25.00, 0),
       (7, 'Brake inspection', 49.00, 0),
       (8, 'Air Filter Replacement', 39.00, 0),
       (9, 'Fuel System Cleaning', 79.00, 0),
       (10, 'Tire rotation', 29.00, 0),
       (11, 'Wheel Alignment', 89.00, 0),
       (12, 'Battery Check', 19.00, 0),
       (13, 'Transmission Service', 129.00, 0),
       (14, 'Radiator Flush', 89.00, 0),
       (15, 'Spark Plug Replacement', 59.00, 0),
       (16, 'Engine Tune-Up', 149.00, 0),
       (17, 'Belt and Hose Inspection', 59.00, 0),
       (18, 'A/C Service', 99.00, 0),
       (19, 'Brake Pad Replacement', 119.00, 0),
       (20, 'Suspension Check', 49.00, 0),
       (21, 'Exhaust System Repair', 99.00, 0),
       (22, 'Power Steering Fluid Service', 69.00, 0),
       (23, 'Headlight Restoration', 39.00, 0),
       (24, 'Windshield Wiper Replacement', 29.00, 0),
       (25, 'Alternator Check', 29.00, 0),
       (26, 'Oxygen Sensor Replacement', 89.00, 0),
       (27, 'Timing Belt Replacement', 229.00, 0),
       (28, 'Engine Diagnostics', 99.00, 0),
       (29, 'Coolant System Inspection', 49.00, 0),
       (30, 'Starter Replacement', 149.00, 0),
       (31, 'Differential Service', 119.00, 0),
       (32, 'Catalytic Converter Replacement', 399.00, 0),
       (33, 'Ignition System Check', 59.00, 0),
       (34, 'Emissions Test', 39.00, 0),
       (35, 'Wheel Bearing Replacement', 149.00, 0),
       (36, 'Clutch Adjustment', 89.00, 0),
       (37, 'Intake System Cleaning', 99.00, 0),
       (38, 'Throttle Body Cleaning', 59.00, 0),
       (39, 'Brake Caliper Replacement', 179.00, 0),
       (40, 'CV Joint Replacement', 199.00, 0),
       (41, 'Radiator Fan Replacement', 129.00, 0),
       (42, 'Starter Solenoid Replacement', 99.00, 0),
       (43, 'Water Pump Replacement', 200.00, 0),
       (44, 'Engine Mount Replacement', 179.00, 0);
/*!40000 ALTER TABLE `repairs`
    ENABLE KEYS */;

-- Dumping data for table smart_garage.roles: ~3 rows (approximately)
/*!40000 ALTER TABLE `roles`
    DISABLE KEYS */;
INSERT INTO `roles` (`role_id`, `name`)
VALUES (3, 'ROLE_ADMIN'),
       (1, 'ROLE_CUSTOMER'),
       (2, 'ROLE_EMPLOYEE');
/*!40000 ALTER TABLE `roles`
    ENABLE KEYS */;

-- Dumping data for table smart_garage.users: ~230 rows (approximately)
/*!40000 ALTER TABLE `users`
    DISABLE KEYS */;
INSERT INTO `users` (`user_id`, `username`, `email`, `phone_number`, `password`, `first_name`, `last_name`,
                     `is_archived`)
VALUES (1, 'grPeatrov', 'gpetrov@asdas.com', '0000000000',
        '$2a$10$pcO9WPG2BtMqKDlmQSNu9Oeik2MV6PxBe6n8dulJlhgIGaqbK0efe', 'Georg2oii', 'Patyetroiv', 0),
       (2, 'stoqnT', 'stoqnT@adfasdas.com', '1111111111',
        '$2a$10$tJ8uS1sGlCCDuSTzO2n34eXntvh23v1shzIyExJM1o3R/diy.Llui', 'Stoqn', 'Todorov', 0),
       (3, 'iliqM', 'iliqm@asdas.com', '2222222222', '$2a$10$FugXPYBL9amKVGqmqLz3du7jfIY14Pwv7sMb7EJz4WkR5KzKb2p5S',
        'Iliq', 'Marinov', 0),
       (4, 'strahilY', 'strahily@asdas.com', '3333333333',
        '$2a$10$u8KLUjr/iUI8RZzg9XvQDu9SYSf9Ew1cf/aBQIdKFgZknns8M7Mvy', 'Strahil', 'Yordanov', 0),
       (5, 'peshoI', 'peshoi@asda.com', '0882234234', '$2a$10$D1UJthx5yga.YQeVc05yauHB26czo64BtpBv.WXQgCRSrPoy99Dcy',
        'Petur', 'Iliev', 0),
       (15, 'PinkScorpion22', 'email@bestemail.abc', '0888888888',
        '$2a$10$/N.p5fwPWXVoGrgM/wKl5ueSiMBmccMPfTT5NnLnTB.v/wPISao/y', NULL, NULL, 0),
       (16, 'GoldenTortoise00', 'jorko2023@gmail.com', '0887123456',
        '$2a$10$HCZXRwksj/O0UMSKeYmaU.nctzaT3lEmA8TEW6iXQUWynTe4Q/62S', 'Georgi', 'Mihaylov', 0),
       (17, 'PinkMoose43', 'fakeEmail1@fakemail.abc', '0887123234',
        '$2a$10$afeXn5sAdMdeU9MM6z41uueOqFQRDGb0zpSpqR5aFoRPF0yu.nqGO', NULL, NULL, 0),
       (18, 'SkyBluePorpoise29', 'fakeEmail2@fakemail.abc', '0887122121',
        '$2a$10$KAvOiZqL2cduPpwWOCMXWegcBwapfEQOFp7YstrPG47T6f01ebqBK', NULL, NULL, 0),
       (19, 'SilverTortoise01', 'fakeEmail3@fakemail.abc', '0887122122',
        '$2a$10$DpyqxYbuJw4JLmSUoNLVRuniXIPsiw4SOPvDWSs2lASw46BvCNt2K', NULL, NULL, 0),
       (20, 'TanPig73', 'fakeEmail4@fakemail.abc', '0887112315',
        '$2a$10$o/7ZS.tjY6v8BzXwhHVMUuSfTseWsutdp8lBum56g/xy0i/.bojl6', NULL, NULL, 0),
       (21, 'WhitePorpoise84', 'mi.kuhic@hotmail.com', '0885557858',
        '$2a$10$kXhD.GJH0hAydrRzulSC6.TZ.M8gGKdw6jZhAPd26G7rmfLHebv4W', NULL, NULL, 0),
       (22, 'CyanWaterBuffalo50', 'sheldon.metz@yahoo.com', '0883167188',
        '$2a$10$eWh86WFA.kJOZpRhbo5jo.Voi9ye8pybjPkEZun.b7YXxP.PtxnSm', NULL, NULL, 0),
       (23, 'MintGreenMacaw36', 'bernard.barrows@gmail.com', '0885144760',
        '$2a$10$c9PA93P/wkemP2Av1ZmaXunmz./ZyPZ.UwqZp3QA4UiteAGHEigNK', NULL, NULL, 0),
       (24, 'FuchsiaCattle73', 'karon.feil@hotmail.com', '0881652534',
        '$2a$10$0xtsM1p1VEaHf7BoJSzRPeVJNmsN89GMYTaenGdCSBgkQBh3/uDVe', NULL, NULL, 0),
       (25, 'PinkImpala05', 'rima.damore@gmail.com', '0887427750',
        '$2a$10$uRrrnjAmlak634QnPClaT.dRHm2Vgln250CmshYb6SPxD7gpQabvC', NULL, NULL, 0),
       (26, 'TurquoiseDeer13', 'eddie.wehner@yahoo.com', '0885650484',
        '$2a$10$k8Qbz3sL1cVVC1kY5T4BCe.lJsvghwhChRXwO0mKnziRZZPEzrMIC', NULL, NULL, 0),
       (27, 'FuchsiaMammoth79', 'doria.stokes@gmail.com', '0884736184',
        '$2a$10$.boVdIJoRmOiHh74Nhzl3uzq.u40MyqJiAYMAUDp2/pXe2r272wQ2', NULL, NULL, 0),
       (28, 'TealChinchilla23', 'justine.crona@yahoo.com', '0888620121',
        '$2a$10$2g7dRFLNnkJl84nYX5mul.odtRpRmtlBs1vZx9vlbTUtaDEzMVNz2', NULL, NULL, 0),
       (29, 'VioletLeopard55', 'antonio.collier@gmail.com', '0880684728',
        '$2a$10$en4JSelP7mWSD9huss7ZW.7VS2Y0PCRCfXpZ5HPHtkwn5hCvrM7KO', NULL, NULL, 0),
       (30, 'SilverDuck00', 'tad.grant@yahoo.com', '0889451166',
        '$2a$10$M4f1fGWFiRCe3yZEuhgyw.yn/bkeBAaTsZVwugqAsFMzBM1x1VPum', NULL, NULL, 0),
       (31, 'BlackWorm30', 'mable.okuneva@hotmail.com', '0888580366',
        '$2a$10$LjMEo6DPWkCzrVUcMF2nZ.THzvVGwPL2DuY65j9sG73kPdeXGKmC2', NULL, NULL, 0),
       (32, 'OliveWallaby24', 'christa.wisoky@hotmail.com', '0885124359',
        '$2a$10$IGyWk8OpnRmaBOVLe6sYwO3tqCDPHmp62bNntBePXzUhOUZIYGaIG', NULL, NULL, 0),
       (33, 'OrangeWoodchuck89', 'donte.corkery@gmail.com', '0888632187',
        '$2a$10$oT2UPpifYSZ2p9yBQWlIL.eFl6tZfUmlknAs1I4YprtvFGsHJsWqG', NULL, NULL, 0),
       (34, 'BlackRabbit06', 'douglass.koss@hotmail.com', '0888358088',
        '$2a$10$IRidzS8lfD06QwQ80wHLOucLNsKlK.xIFZSTWZ6zlsy4mQ5Kh7b92', NULL, NULL, 0),
       (35, 'AzureTiger16', 'malka.mraz@hotmail.com', '0882282344',
        '$2a$10$ZwCb.5j09Z/EJUZK/qniNuzggoTO8B8lW3/N6kzqT6nusovntKIoO', NULL, NULL, 0),
       (36, 'WhiteGrasshopper33', 'hector.maggio@yahoo.com', '0883833695',
        '$2a$10$OVTtqUZfOi3ZMNTZHjVi/e7XfMbz3QhtxVvGH68KDidiCu0tgafkK', NULL, NULL, 0),
       (37, 'SalmonTortoise74', 'leonarda.jones@yahoo.com', '0888760042',
        '$2a$10$IkUXYXTRsM/ksUpf0Ukzmu0cyv3E.e/JWsUVUleez/eKGhQDQlyKy', NULL, NULL, 0),
       (38, 'BlackSkunk34', 'tawny.pacocha@hotmail.com', '0882278314',
        '$2a$10$6W4zZIiAohty.YUWmJ9jNO4N6q3Ba7kbRTWvj2Xaf0QOyiHnDQ/MK', NULL, NULL, 0),
       (39, 'IvoryHippopotamus35', 'reynalda.douglas@hotmail.com', '0885703723',
        '$2a$10$LrLKtqTEKgpkMq3ISZBwv.Z7lm3HJCs.n3p2A/LrAHC/C3iG19GR6', NULL, NULL, 0),
       (40, 'GreenCattle83', 'tommy.mosciski@gmail.com', '0882858766',
        '$2a$10$.kFP1g0Nl3gjUj/UYqqAoenP6nYErUq8Y7V6ANftHktx9J8gGaQIy', NULL, NULL, 0),
       (41, 'TurquoiseRat58', 'india.cronin@yahoo.com', '0888037192',
        '$2a$10$zPFHBtRwdYRctfY9HEcPHOpl2F2xCuDzo0DUB1h54gqJHKgfu3AO2', NULL, NULL, 0),
       (42, 'MagentaZebra66', 'david.mann@yahoo.com', '0880924352',
        '$2a$10$1ydNx7SOSlMEjE9WIdGRROrJ8Xrierx/txfLk/GHRMAqdIW2y91ia', NULL, NULL, 0),
       (43, 'IvorySpider20', 'su.langworth@yahoo.com', '0888723374',
        '$2a$10$eE5mqRlWVT7JcfWWipRekOc6eBzf2GNTt5/YTnzVz6f/rNH1YtZ8C', NULL, NULL, 0),
       (44, 'OliveRat58', 'issac.bode@hotmail.com', '0888238608',
        '$2a$10$3Amf2boyvj9lsZBIHoYp4.31ioobtdVtsNvJOAy8HyNZ1aBi7Q.re', NULL, NULL, 0),
       (45, 'MintGreenGerbil88', 'charissa.johnson@yahoo.com', '0887048098',
        '$2a$10$EqUZRj/YCMFpMd38qlnS/empCVZ3RK3KnXoPZMd.B3ujvWRQz7H6m', NULL, NULL, 0),
       (46, 'BlackMallard29', 'teddy.hackett@gmail.com', '0885341465',
        '$2a$10$lT7BM0SIfHRuuCTgi2MguOW6kYVvlk7z6iQxAr2IOIBR8lRX8cAm2', NULL, NULL, 0),
       (47, 'BlackFrog78', 'jules.daugherty@yahoo.com', '0881161071',
        '$2a$10$aJ.YTxWv7XlRT9VB/BSpqOJrken3RNlvBG5f66.NYjAO/evcpxxDy', NULL, NULL, 0),
       (48, 'GreenBaboon55', 'shanika.bernier@hotmail.com', '0887942805',
        '$2a$10$UZxLLcvQ6KO72eyzwa6cZuX2mvg.cbdtW1TfcI/ZccmaYpacKWvfW', NULL, NULL, 0),
       (49, 'AzureSquirrel01', 'alphonse.muller@yahoo.com', '0882083443',
        '$2a$10$tb8Gk40fxF1X390LQU5q5OkiT1N0xmA21jsacA1J6kwQC0a0afyJW', NULL, NULL, 0),
       (50, 'BlueTiger53', 'edison.gleason@hotmail.com', '0881100586',
        '$2a$10$El7859RaWe3w8b4FrOWQDuS9AFjEY4RPz7F/h55IsPAG2o9jbnJM6', NULL, NULL, 0),
       (51, 'WhiteWasp82', 'sherwood.grant@yahoo.com', '0883437324',
        '$2a$10$GnLI6USGZ6JS841LYj9P1ekbr4n2j5quOkOg8/d4oeSj16wKqX8uq', NULL, NULL, 0),
       (52, 'WhiteManatee36', 'wiley.lynch@yahoo.com', '0881259664',
        '$2a$10$..zv94gc0p1Yt.aJP1UCle1CrcgxkuoSfYDnwRGkpgiozCoKccPii', NULL, NULL, 0),
       (53, 'BlueCockroach86', 'filomena.mcglynn@gmail.com', '0885814006',
        '$2a$10$C/j1zND30Zj5iCfzR1cFpeQwJ33SlZvDS7Af2uA0WPEXr2F5jTH9u', NULL, NULL, 0),
       (54, 'IndigoFerret37', 'charley.emmerich@yahoo.com', '0885287769',
        '$2a$10$/9GefdY.QmB7KuFCy46pKeisPw8WozFXotwUo.fteutV/9NmF.q7.', NULL, NULL, 0),
       (55, 'IvoryDinosaur42', 'whitney.okeefe@hotmail.com', '0881407534',
        '$2a$10$ZAbWpwf.cROJDPuMGFNdp.6y2EBR8cCSN8.rGT5amBEQ2lSb.St92', NULL, NULL, 0),
       (56, 'OliveChinchilla04', 'sharan.koss@hotmail.com', '0882600726',
        '$2a$10$LC7dOH8MQSX/EF32Oz5Yl.IFHUXZiRAQChlrYuAGlM15oKL0nesAm', NULL, NULL, 0),
       (57, 'IndigoOyster17', 'markus.metz@yahoo.com', '0887177558',
        '$2a$10$CZq0/ccZKYEO4AvpAF5pfOQBXSPH02M0VD25JnrMBa09sq1IMGYpy', NULL, NULL, 0),
       (58, 'RedSkunk05', 'branden.brakus@yahoo.com', '0882785614',
        '$2a$10$eYmsufuTMYF1eeAOuIjfN.NVkA1WCUjvrdMzDMvfQs5EoZTi/2YzG', NULL, NULL, 0),
       (59, 'SkyBlueJellyfish78', 'chi.gibson@yahoo.com', '0886461115',
        '$2a$10$jXJD74Jc3sEU4nvtHuOZFujzzNwyC1/IHQ8fFlhq8u.q6iPCGyMNe', NULL, NULL, 0),
       (60, 'LavenderMuskrat84', 'jackqueline.dach@hotmail.com', '0887731112',
        '$2a$10$1CIyjYxaVk8571cMmOEt/OBtQQP2z5eKFQ8Cr0yj1vjHm7GhdShxC', NULL, NULL, 0),
       (61, 'CyanDog22', 'rena.emmerich@gmail.com', '0889837910',
        '$2a$10$SjNcrUEEf0r8pA5Lif8UM.blXCYCSLVDE2CQC.RtGVaWNGbx6.gdS', NULL, NULL, 0),
       (62, 'TealSpider20', 'helen.volkman@yahoo.com', '0883763868',
        '$2a$10$2SaVnEFTSwTjmYNiimL1rOhCctyAomK9/eqNW4d9QHH8XeJz45L02', NULL, NULL, 0),
       (63, 'GoldManatee22', 'mike.emard@yahoo.com', '0883426463',
        '$2a$10$tUYKoY7kVfuROzuqjWrF9Ork/E2ICINwcsH1tSf1tWuImr/e7yZK.', NULL, NULL, 0),
       (64, 'TanFish17', 'reinaldo.rodriguez@yahoo.com', '0887604910',
        '$2a$10$j3KIrqP3yrVjag7eDrQo.eP/CwzkpRxLi2B4lpO6U2YlavOZuo5wS', NULL, NULL, 0),
       (65, 'IndigoCrab83', 'bart.feil@hotmail.com', '0886098885',
        '$2a$10$yrLXPt5.s7QssBtqyCKSqe1/YFpSWkcB8Urs.Dm8QD9cLp2pYomde', NULL, NULL, 0),
       (66, 'SkyBlueOyster38', 'laverne.torphy@yahoo.com', '0883120876',
        '$2a$10$huM/uqyARUIxcEQ7.k1e9uH/2r9OXoQ0V9kR5CZxaWylcHgSIPFLy', NULL, NULL, 0),
       (67, 'OrchidGuineaPig15', 'somer.dicki@gmail.com', '0882711776',
        '$2a$10$NwhtpfRj2nh99fM2gvHTROpUU0j.ijOTGDK6v41CuAC5U65YRgq5S', NULL, NULL, 0),
       (68, 'BlueCoyote18', 'natalie.barton@yahoo.com', '0883446054',
        '$2a$10$u/ceSm8qiRAQdRdRU4ba9ePSVyaXuQqeU0ThehKJRyDNm.ZPnSdNy', NULL, NULL, 0),
       (69, 'FuchsiaTermite95', 'santo.mante@yahoo.com', '0881202041',
        '$2a$10$MDbfvBRsuy2Tq/u1taUq8u4UrqZxGZSKmQ6nYPa5EIFnMGsig3CCu', NULL, NULL, 0),
       (70, 'TanSwan86', 'elin.bayer@yahoo.com', '0882666904',
        '$2a$10$BaEgRr2LhNM0gpqRuU7b.eVRh.ndKsMQr6KIGHgI5Wnu375VcATWK', NULL, NULL, 0),
       (71, 'FuchsiaSnake14', 'german.rempel@yahoo.com', '0888037230',
        '$2a$10$W0EsGX/tS.PFOd3rCkCsDeDGdAWW17oi4Klzot2zwrTo4FTrpcxX2', NULL, NULL, 0),
       (72, 'MagentaGnat87', 'taneka.rosenbaum@gmail.com', '0888487122',
        '$2a$10$sLBSmc3oyXifc5LURNgpEOAG9Rk2jMjyWfc13GmfFS3hlb1SLyE3O', NULL, NULL, 0),
       (73, 'SilverChimpanzee85', 'lacresha.mccullough@hotmail.com', '0883600332',
        '$2a$10$AKEW96du/QcioTJWOHNz1e7t3SqQUrcqb8VvypkJkgzknu.rdacCi', NULL, NULL, 0),
       (74, 'TanPlatypus28', 'christian.zboncak@yahoo.com', '0887016682',
        '$2a$10$IKzPOr8KmqhU4kI758Bew.GdTXqmab26ymxyIA978cLQeMOOA0HEW', NULL, NULL, 0),
       (75, 'TurquoiseLizard00', 'india.damore@yahoo.com', '0883393258',
        '$2a$10$edzU6zSS64hmZ9WdQDx2luytFnpW7HTULWyB5fEf4N8.E1Xuw7crG', NULL, NULL, 0),
       (76, 'TealCod38', 'marion.rohan@yahoo.com', '0885804660',
        '$2a$10$Vv15mxzmDbsz2RtdOeYsz.8j2ftduJG1PWFc.NTr0XxOJVD5FEDue', NULL, NULL, 0),
       (77, 'GoldRhinoceros28', 'randell.hessel@yahoo.com', '0882341668',
        '$2a$10$vTaNfQc8gG3tvKdWPemKCODbyvs.LXtKDonJ3xJ4df09EIpE5Eay2', NULL, NULL, 0),
       (78, 'TealSeaLion53', 'sanjuanita.larson@gmail.com', '0889153451',
        '$2a$10$FSnyI7EUe5UXTyyy3Xwx7uWtkielfRCAMniS1Ppmr57OwFG37Lnbe', NULL, NULL, 0),
       (79, 'LimeElk52', 'damon.bartoletti@hotmail.com', '0882385766',
        '$2a$10$r.A0xXa686ErUvu//al0BO.6L8CKXm5vFWAGQg92eX5TI6laVI4me', NULL, NULL, 0),
       (80, 'CyanCicada40', 'woodrow.friesen@hotmail.com', '0885490980',
        '$2a$10$pmjEiiJ9Ldgrt3k2zrydMeHvd.0bR6qdMj4xUzFLadeqGwhI3HSNS', NULL, NULL, 0),
       (81, 'MintGreenSwan34', 'marjory.hagenes@yahoo.com', '0881834578',
        '$2a$10$Y/XpmxW72OZnB1V0fzLiN.UP5VKi8PQ.3QXVCRd6wsBRNu163YU0.', NULL, NULL, 0),
       (82, 'TealPorpoise57', 'bobbi.howell@yahoo.com', '0885568736',
        '$2a$10$/84HYoGldw2oxUQIsKLPc.lCQlbRZ5H/rD/c7Oq/53jPJC5DEI5/C', NULL, NULL, 0),
       (83, 'PinkBuffalo46', 'ronny.schamberger@hotmail.com', '0889661482',
        '$2a$10$alRU9LLDu5isr4CCZ0kcheyILSKHR3tXespo0V3lywIlyE9ckFXIm', NULL, NULL, 0),
       (84, 'OrchidWildebeest75', 'nellie.gutmann@yahoo.com', '0884457005',
        '$2a$10$4YnoHCh/fBk9KDiNwBBxHeUhqyD99HOStvFWRtE91/d2w/iRGF/46', NULL, NULL, 0),
       (85, 'MaroonMink85', 'hannelore.williamson@gmail.com', '0882383484',
        '$2a$10$3CRUQKEQuwwKeuBId5.IVur4.GTPZ7vFdAH0r6SjZjL13ZXzglNNK', NULL, NULL, 0),
       (86, 'OrchidCricket97', 'sandy.larson@hotmail.com', '0885360748',
        '$2a$10$fBNPB4CjbEIuHecDmeWDwuK8I0SKiFeQFq6Vpj1hTc.C5QTY0eN5m', NULL, NULL, 0),
       (87, 'AzureBuffalo54', 'deshawn.kling@gmail.com', '0884407042',
        '$2a$10$RMRuQBWrGxc7QhVxgWjrl.r.jH8A9/tS9U1N5ayKyLq8mRNpRG/2m', NULL, NULL, 0),
       (88, 'RedHyena33', 'jacqulyn.kihn@hotmail.com', '0887744929',
        '$2a$10$azCGIn7KROnNF9.YhvU8Qe0e7ON6sYD5/zvn5RMFGlWRwx9bVbpEu', NULL, NULL, 0),
       (89, 'OliveCoyote42', 'colton.hickle@gmail.com', '0885952439',
        '$2a$10$xttVHWHW2IoR2XFuLDwGgONPRQs5aO0nhbQuC86/jR.KqvNtvIhqe', NULL, NULL, 0),
       (90, 'TealBeaver52', 'fletcher.howe@hotmail.com', '0886606796',
        '$2a$10$5PVWQMnUnZbtFqyDZUzYc.3VdQABfdPK8tS7XANv5SbF8dvycw1YS', NULL, NULL, 0),
       (91, 'MagentaWorm23', 'vernita.predovic@hotmail.com', '0880597816',
        '$2a$10$BeFuFLwQsL91YS9t0gaSwO4/5/IVNma3dnNOEgsvK0WyvSYRkxILq', NULL, NULL, 0),
       (92, 'TanClam56', 'rosio.roob@yahoo.com', '0887243372',
        '$2a$10$rk8nD9AzsfvM2GNKf9..le5QNcN7RZgRxcPXURIlkwbekTEtZFbiu', NULL, NULL, 0),
       (93, 'OrchidRabbit12', 'cyrstal.rowe@gmail.com', '0880822067',
        '$2a$10$V.IldfzG0DsxG1967rK08.ZK3M3QFQXHPo896zeCgWnAA9g6Pf9JS', NULL, NULL, 0),
       (94, 'MagentaOx71', 'emilio.gislason@gmail.com', '0881562056',
        '$2a$10$bMBzStk.gYZ1CuCIpwt6L.TLrD7M.EfoZOSIWxZ3ndLZWfqR25aIO', NULL, NULL, 0),
       (95, 'BlackGnat72', 'adrien.lehner@yahoo.com', '0883305283',
        '$2a$10$n7BWHUY3KnpE8erJzjNVpuqNzvOjYJfnUxgsnT2IBDkxoWUDrIVhy', NULL, NULL, 0),
       (96, 'TealTiger38', 'luis.pfannerstill@gmail.com', '0884962886',
        '$2a$10$RjxKKJvobvCcaigEPcqjN.hiQsZMMDpvTepMy/ESsOOwMe15YTZJG', NULL, NULL, 0),
       (97, 'PurpleCat84', 'leo.hilll@gmail.com', '0880580780',
        '$2a$10$nZWqoPmgWQipZ1bBRylzg.D8Q5biTa8f2nJa4O8a67dj0jCVLnMru', NULL, NULL, 0),
       (98, 'GreyCod67', 'stefani.prohaska@gmail.com', '0887138269',
        '$2a$10$m.RFZsgcQf4AzXCPi9NgAueYSWICdRnxEKSGQtAu1P7KhFV72Kjmu', NULL, NULL, 0),
       (99, 'WhiteHedgehog06', 'jarvis.hoppe@yahoo.com', '0887238135',
        '$2a$10$9MZkfpcNI1ECAjjV1xILn.fRJHOPhxG56jCwn1h.20F.fLQPiFpBC', NULL, NULL, 0),
       (100, 'LimeBear68', 'tameika.ziemann@hotmail.com', '0887340888',
        '$2a$10$vRppO1MjOtpByGlRGCLG/.D3Ym57dAw3xWvxIjivGGoTqFROw.cpK', NULL, NULL, 0),
       (101, 'PurpleCrab48', 'archie.ernser@hotmail.com', '0885064903',
        '$2a$10$GwP0JKfc7cnSKzOQVWkMouS9rdF5c82j.pGmIxX0CIPfedQj7gnry', NULL, NULL, 0),
       (102, 'SilverWorm77', 'savanna.monahan@gmail.com', '0888603587',
        '$2a$10$TSyHLsHZqGuxFzJAB0dj4.nuhuefItiiGnfUk/uJRBeb3TYVREdI2', NULL, NULL, 0),
       (103, 'AzureWhale58', 'milford.weimann@hotmail.com', '0885517439',
        '$2a$10$KmrDY1KlSMkgR/02i.Al9OWoe11005T.NR4/XUPPMab77Mn7AbNxa', NULL, NULL, 0),
       (104, 'IvoryShark45', 'preston.heller@hotmail.com', '0880555643',
        '$2a$10$smll/MtApzqBAoMHx43HsOXlbbLLEFv1fKy2if.dl1YmhIAquP36K', NULL, NULL, 0),
       (105, 'PlumBat32', 'olevia.ruecker@yahoo.com', '0885139493',
        '$2a$10$aP08gt9mNsekvyox/HT9z.9EYCEFBd1ytreExEAqmzS3.UPWdxI6e', NULL, NULL, 0),
       (106, 'RedBear53', 'dorene.vonrueden@yahoo.com', '0881236120',
        '$2a$10$qioEB3IA7o/AgF4vI/OrluTu8YirJQPpfO4RJk6Z9I52JeM3SEMM.', NULL, NULL, 0),
       (107, 'TealBeaver58', 'waylon.will@gmail.com', '0882357447',
        '$2a$10$lh9Qv5hJH9a.UPaUwjIIROmlg9PIwhBUOUFiOrLtM8zyBjGuIAKKG', NULL, NULL, 0),
       (108, 'TanTurtle61', 'maxwell.block@gmail.com', '0883694239',
        '$2a$10$z1UVs47frG6hOn3UAtZAfec//9v3LDTBSeHCmSEhP3sl/wOPOSzsK', NULL, NULL, 0),
       (109, 'TurquoiseSeal25', 'annalee.kuhic@gmail.com', '0882080922',
        '$2a$10$SbnMsVPbOgrSDgJGoI9NCuikEwMgPieaxMN8Rgmra6yk8lnN92jSq', NULL, NULL, 0),
       (110, 'GreenPig66', 'alva.reilly@gmail.com', '0885287520',
        '$2a$10$VF9VOp92GTu.2pkuP0e49.cTXjmQoFSK6pGvp2VRDqM.XOF2MoCt6', NULL, NULL, 0),
       (111, 'SilverGorilla00', 'darron.windler@hotmail.com', '0889729611',
        '$2a$10$JpFy6HuaqEfCLRLjkZFCYe/Xcfb6CMIA6EjVoMJZK3P14BASikOlq', NULL, NULL, 0),
       (112, 'IvoryAnt92', 'nicki.vandervort@gmail.com', '0882806330',
        '$2a$10$FiASGGPUDVOQZ3CjnNOBSec6szvZge9qyVdmUE/gINBlD14wbqbLK', NULL, NULL, 0),
       (113, 'LavenderPug18', 'kathyrn.mosciski@gmail.com', '0889861529',
        '$2a$10$xQGisr52TsA8mkLzaT0qDOOG.78d5O9DbfX057JJy4xqzVVyh.J/e', NULL, NULL, 0),
       (114, 'MagentaMarten91', 'jacques.grady@hotmail.com', '0880776263',
        '$2a$10$b9bxMSuUWbNzl5nxI5FYsu76nhh4EAOf9Fm95SIuyrrW7PYqqnweO', NULL, NULL, 0),
       (115, 'IndigoGoldfish67', 'eliana.bergstrom@gmail.com', '0885531867',
        '$2a$10$i.BY3oMBPgC5E8kGu6sPlenGxAMw3dlxo1q2VrvqP7VUJPp1ZB9Q2', NULL, NULL, 0),
       (116, 'TurquoiseCat73', 'arvilla.cruickshank@yahoo.com', '0883880079',
        '$2a$10$CsSJfFc/Xvh3BE3juxHbMO/ClHTYLO83mwNszH3osLtwK9EXV.SiG', NULL, NULL, 0),
       (117, 'SkyBlueHorse45', 'lewis.zieme@gmail.com', '0883536682',
        '$2a$10$8j8wZXv/jeQA8VkYKXv9G.LbWz1NxdPePreQL4tyHO6uWhqi0JBcC', NULL, NULL, 0),
       (118, 'IndigoMouse32', 'sheryl.larkin@hotmail.com', '0883030242',
        '$2a$10$VbxvauSdF9R4ehAGUoqEJO4OL7YhLSvhfSwpSW.6JGyPYj4gjy0JW', NULL, NULL, 0),
       (119, 'FuchsiaPorcupine64', 'dyan.braun@gmail.com', '0889182483',
        '$2a$10$iWosgAp8pwjIY2b9Ej0cduQ66a1GSLXui6AIrnj7hZnMPGdj2z3Wi', NULL, NULL, 0),
       (120, 'PurpleGoldfish78', 'jaimee.hahn@yahoo.com', '0880504555',
        '$2a$10$ssme3Pdqos2yqOix29dvyuihKm9BLxaM.RygKHkKGJpl9IzPfw8nC', NULL, NULL, 0),
       (121, 'FuchsiaBee90', 'fe.bednar@yahoo.com', '0887184610',
        '$2a$10$6NxseIsrcCdFCxueSpjCceYmf3esVtNviWNplxMUxEsbYUpcH1E1u', NULL, NULL, 0),
       (122, 'TurquoiseReindeer10', 'ethan.schowalter@yahoo.com', '0885048676',
        '$2a$10$slRVPf.vZDsA86Z76wBl/uA./jJV3bJFUEVLHKIo5NWy67IAGXcAK', NULL, NULL, 0),
       (123, 'CyanBat88', 'monty.rogahn@yahoo.com', '0882601203',
        '$2a$10$H5AGCVG4F.5cn1SDmBfYhueDicphHQUUmZA9qrwlenzFvVR1YczjO', NULL, NULL, 0),
       (124, 'OrangePig13', 'ignacio.lind@yahoo.com', '0883042896',
        '$2a$10$CzryxMdFo8xoNMrYMkidXehgwuQ./cb7eZyccnhP1WF0oqJExl/h6', NULL, NULL, 0),
       (125, 'OliveGnu26', 'domingo.lakin@gmail.com', '0888436357',
        '$2a$10$xeFzDtyOD522Tu3Djrs8wO2m9Q7BzCAeksPNEcJSbMxG2bnkMGl0y', NULL, NULL, 0),
       (126, 'MagentaSkunk42', 'emmy.kirlin@yahoo.com', '0880216551',
        '$2a$10$ScrkhQXS5ZW5QhixjuLs2en7NUiVCnb.p/lS7Mhk/xLvfQzqCncg6', NULL, NULL, 0),
       (127, 'GoldAnt37', 'truman.jacobi@hotmail.com', '0886141139',
        '$2a$10$eaA8EjqetNIaGs1wjgTOKO/9mNMaj5tTnVeuClmmeWCfSc7OVtPd.', NULL, NULL, 0),
       (128, 'SilverKangaroo22', 'theodore.nicolas@gmail.com', '0883128028',
        '$2a$10$CMlLc3lQD9LdvmeXEpYtieikKHs7j6qFVYR9xcHOoc9Ge.YbRO0r2', NULL, NULL, 0),
       (129, 'VioletBuffalo89', 'georgianna.kulas@yahoo.com', '0884515921',
        '$2a$10$PSjTIXIvlUBnsCOX93EEL.c3RbIE8r2H1fk6Pt7sN5UhUTLHgXuTq', NULL, NULL, 0),
       (130, 'OrangeBuffalo79', 'mimi.gutkowski@hotmail.com', '0884187427',
        '$2a$10$ZzgVIrjUeF218LNr3Xw3PO.nik/iRUGlHYivcT6dTnXUaraKVhLkS', NULL, NULL, 0),
       (131, 'AzureAlpaca26', 'claris.jakubowski@gmail.com', '0884120250',
        '$2a$10$75CJ02yvBxWy2JDHDgVipucpZprMM7eOldY0iT0L62c32IcXF.v3S', NULL, NULL, 0),
       (132, 'BlueOtter83', 'eilene.cremin@yahoo.com', '0882258660',
        '$2a$10$VcSoLbdGbpb4BYd/9CKftOxVB3I.T1HaBad8F/Er00eutL0c.5vzi', NULL, NULL, 0),
       (133, 'LavenderAlpaca92', 'millie.von@hotmail.com', '0884529251',
        '$2a$10$Ykq7pg2TDpEJykjRXSNrseFEBIoLHkMtgqX9E/jWBI771SuGafTrq', NULL, NULL, 0),
       (134, 'CyanWoodchuck76', 'jeri.weissnat@gmail.com', '0883481982',
        '$2a$10$8D9kbBjUVE.n7iN5cXDEi.N1cB.9AQ.Hssf8TPDXStzjX4xIgEO2m', NULL, NULL, 0),
       (135, 'GoldZebra19', 'roberto.schaefer@hotmail.com', '0885355168',
        '$2a$10$UD5ESUpChsBQ8ZC.TbJbI.H1QlHCrzAEs8zSRzEEAc469k/4sEv76', NULL, NULL, 0),
       (136, 'BlackDolphin35', 'elayne.weimann@yahoo.com', '0889470230',
        '$2a$10$JAHXwSGggZUMloJV5ueyq.9tdvefGCygKLtqcWSgI3W9n4AOkJ4T2', NULL, NULL, 0),
       (137, 'MaroonKoala04', 'joe.hoppe@yahoo.com', '0882250655',
        '$2a$10$TqQZeF9HpW7SMJKRxObR/uO/bGvek/S.n5ez7vqjof23sr/7KuMKi', NULL, NULL, 0),
       (138, 'GoldMule46', 'jae.wiza@hotmail.com', '0888712511',
        '$2a$10$noxeoo5BjZMWc5D1CK4yVuooCdfXGyEJGrLip1ccGttiNeImi4yM6', NULL, NULL, 0),
       (139, 'IvorySnake99', 'samuel.deckow@gmail.com', '0888019060',
        '$2a$10$72iDvTi5WG5txCzg4/8uZ.lgYEhMbC5b6VZu67.9S0NFtpHbygxAS', NULL, NULL, 0),
       (140, 'PurpleMacaw58', 'melvin.herzog@yahoo.com', '0883190407',
        '$2a$10$kHelE7rSSC4k8YwWI8LotOaTq8s.1u78oabMWTGiw3YKLH4djRDdC', NULL, NULL, 0),
       (141, 'TealAnt36', 'devin.larson@gmail.com', '0885022052',
        '$2a$10$FVCF.eW8.KPe6MRPWy59D.mYJQPtVyb8tjVuMUv2N/1GsiHrOnzU6', NULL, NULL, 0),
       (142, 'TurquoiseMarten62', 'hal.jenkins@gmail.com', '0883422831',
        '$2a$10$2i6reCPpx4lMhVEQHMz.UuYF1pWx96dOrASxGAMen1pM8z6evUoce', NULL, NULL, 0),
       (143, 'PlumJellyfish54', 'joycelyn.zboncak@yahoo.com', '0887060532',
        '$2a$10$BYXHGTEDlC.0X4fxywj94.TwNzjOmxkP1trHUz8AhN47pyQaiNCtm', NULL, NULL, 0),
       (144, 'GoldPorpoise55', 'meda.herman@yahoo.com', '0887390545',
        '$2a$10$QnbRmYBN1s7oXjrCT1.DTOsIpd1dbl.c7B66rONPyo1BuusiMGRa2', NULL, NULL, 0),
       (145, 'SkyBlueCattle23', 'deidre.anderson@hotmail.com', '0880506616',
        '$2a$10$ym70JH7I4nOgh4DphNPcU.ex.9YMoIElkxGVPxnsIKpsg8Qb0mmci', NULL, NULL, 0),
       (146, 'BlackBaboon81', 'genesis.cummings@yahoo.com', '0888588241',
        '$2a$10$cG5PmUOHq22dzPdlAbVquuiGzvfORjA3bY8uoMLZbFGegxlCVPtvG', NULL, NULL, 0),
       (147, 'LimeTiger36', 'gilbert.schoen@hotmail.com', '0889258782',
        '$2a$10$zpT8eWp3fdrLd99jpcwjZ.FDqc1tP0ItkYQs0V3UBUtoyyMsLMJtG', NULL, NULL, 0),
       (148, 'LavenderCrab20', 'britt.macgyver@yahoo.com', '0887235142',
        '$2a$10$YshX2PiV9zphz1s3yAybj.pRwMMxBFNaIhybUwO9.BumwRBFFP8ee', NULL, NULL, 0),
       (149, 'CyanRat35', 'catalina.jacobs@gmail.com', '0886179992',
        '$2a$10$DWSYRCta8ZAhmtSbQYXcmeF/ti.8jXC4mTwRKowWSWJmQWbUdBtfu', NULL, NULL, 0),
       (150, 'TurquoiseWallaby51', 'georgina.koch@hotmail.com', '0881463342',
        '$2a$10$NTSgRte6IKkEZ2NBVkZ1iONKjygQjFXUk0pvYFrQyrWT0qlpkoG3K', NULL, NULL, 0),
       (151, 'RedHornet24', 'reed.mohr@gmail.com', '0880236782',
        '$2a$10$DwwXqNM6Ce/vnK0AxI1jMe4BZx/OIsm7RDSPvtGyYntaIYbnzx7zS', NULL, NULL, 0),
       (152, 'TanArmadillo51', 'talia.leuschke@hotmail.com', '0888510241',
        '$2a$10$GMPnN95ih7kdu2LIiQydOuw.i0uBRD3KOJxPhYzZkGj7Pb0oLnCUa', NULL, NULL, 0),
       (153, 'GoldDinosaur37', 'milford.willms@yahoo.com', '0882558707',
        '$2a$10$L5EfpbCA3hAzrQhGlgKVPewdl7TtR9M22m7wlpeF4sw4q2RooxT0K', NULL, NULL, 0),
       (154, 'BlackDuck45', 'carylon.tromp@hotmail.com', '0886503376',
        '$2a$10$hRWI12DenuqQv0o83WQL9envazKA7GL51w4h9ZLiCm/QW6iczTuGa', NULL, NULL, 0),
       (155, 'SilverLion72', 'kimberley.schulist@yahoo.com', '0888385281',
        '$2a$10$k2c9NpuYM.9QDk/WEOIxAe3a2ETBSsBClU7zt0aJ50XuPxP7SOTWu', NULL, NULL, 0),
       (156, 'BlueSeal92', 'williams.bogisich@hotmail.com', '0886496161',
        '$2a$10$8Pm2.CZspWCHKR2Ih4ajF.LQTGrlUZauLQ3kVS7LrmIKj1aMeL7fq', NULL, NULL, 0),
       (157, 'PlumCheetah77', 'fiona.durgan@yahoo.com', '0886267134',
        '$2a$10$Euc8W/yXQcK9SUtKGOvwS.5/fhBefnA6feCvWj/eMtqbKKxkIgJri', NULL, NULL, 0),
       (158, 'MagentaAlligator31', 'bernie.casper@hotmail.com', '0884940414',
        '$2a$10$4Y0hE/Et/xYIgsq7juqeS.ijegPmIqpggoGBHO.YjpmomUrxBMG.K', NULL, NULL, 0),
       (159, 'AzureRaven59', 'china.walter@yahoo.com', '0881500402',
        '$2a$10$7LOz6QYGQdEaktcjEYiFEu1I12h.u6T.kPlPPJKc6jAGy2/OoTpTS', NULL, NULL, 0),
       (160, 'GreySalmon50', 'pilar.goldner@hotmail.com', '0885406238',
        '$2a$10$9BmSlV1s3/FQLC1zO6PjzOs3WB4YpZap3WOVx8xUNPbaxjBzxN4kS', NULL, NULL, 0),
       (161, 'TanDog42', 'roy.schmitt@gmail.com', '0881475326',
        '$2a$10$CzFaIFbJt8Xm7yqcIss9jOW7m.z1VQ/x8Q.BwKjEInhMP/yN/GBg.', NULL, NULL, 0),
       (162, 'PlumApe06', 'maribeth.pfannerstill@gmail.com', '0881666853',
        '$2a$10$bK9kraNZwRaW633S4XAti.fWsvDV3Pv47rEwJMQPWBJmszmFno/Uq', NULL, NULL, 0),
       (163, 'TealLion30', 'zandra.considine@gmail.com', '0887568203',
        '$2a$10$iISH4kyHvu4WvN5ENT/2/uj2482hDrVCgTrcVtPjWcoKCa7ePGRlG', NULL, NULL, 0),
       (164, 'OrchidChinchilla81', 'mickie.waelchi@hotmail.com', '0884781657',
        '$2a$10$zvRm4AzTBFu5MUEqLnIkaOPvOGmCFZONTAY5g8DqwiAVNhi4D/fvK', NULL, NULL, 0),
       (165, 'MaroonCockroach27', 'glenn.gerlach@hotmail.com', '0885648186',
        '$2a$10$8AsrFEps8mICc0xurKGeuuuq45favBuTnCeeQOZthlnYIWJWegVum', NULL, NULL, 0),
       (166, 'BlueFish24', 'jill.mertz@gmail.com', '0888180436',
        '$2a$10$sF.wt7wuygHvEDzBQx0EIeQmCZq3U.w1krlDkq3diXnGCoXm/LGgu', NULL, NULL, 0),
       (167, 'PurpleMink53', 'joanne.jones@hotmail.com', '0883556800',
        '$2a$10$RiXLiBoHpKgcKLFkxYlabeVSTNTH/B3F8Ghs7DvDnCvvnggstweu6', NULL, NULL, 0),
       (168, 'CyanCheetah54', 'tobias.mclaughlin@gmail.com', '0882874243',
        '$2a$10$qsosESDgApvRowxU8Skv5e6ZdgDMNskfcNUTZGYSdBYLPbSbX0PIe', NULL, NULL, 0),
       (169, 'AzureToad11', 'lorine.hansen@hotmail.com', '0881834616',
        '$2a$10$QIJdsF8BHnjQrXWmJ/xg0e4axGNbU9ma9PvGs5A92B0L23OOgVMUe', NULL, NULL, 0),
       (170, 'PinkRaven11', 'ollie.gusikowski@hotmail.com', '0882508807',
        '$2a$10$cE9VzTl.ac5ZZoFOUzR6ZeKxtW.7CpfsaJKKnlGLx56RejTXPXwoO', NULL, NULL, 0),
       (171, 'SkyBlueWolf15', 'lisabeth.cassin@yahoo.com', '0884763034',
        '$2a$10$QniGbSGOW0XPevD3HfSix.W5zKHkNSaRdP2rYxERHUl1UcAyhnujW', NULL, NULL, 0),
       (172, 'GreenAlpaca64', 'kirby.lockman@yahoo.com', '0887557803',
        '$2a$10$XCaEnlw47K.lZQGylBtoEe/ECg2mly5G4imFLn/5sSNRJa/agwVuq', NULL, NULL, 0),
       (173, 'OrangeAnt79', 'meda.sauer@hotmail.com', '0889010254',
        '$2a$10$xvUktpzUlMBRfKqMwGnEfuKpr.Qm7bu7brtrxiToo8X8eLwuc6gpq', NULL, NULL, 0),
       (174, 'PinkBadger60', 'marnie.kub@hotmail.com', '0884003716',
        '$2a$10$pmfvP1fcB9NSlyAFVB/QlO4DGCiF4Z7VbO4aS6PqEy8vE1/BhPis.', NULL, NULL, 0),
       (175, 'OliveDeer90', 'tyson.durgan@yahoo.com', '0889147879',
        '$2a$10$87jPKsSb6b4ILLlaqZlbk.mZfu30QBHPCQgyKrtAEdy7LpnHFHuv2', NULL, NULL, 0),
       (176, 'OliveRaven26', 'pamelia.kuhic@hotmail.com', '0880098365',
        '$2a$10$iCxyBjBg7Z76B9VAkEqtyejn.WOYo5XQMftAjFlHSLgOJjhDrg./a', NULL, NULL, 0),
       (177, 'YellowMule91', 'toccara.rippin@gmail.com', '0886485910',
        '$2a$10$RdaBn5dhXgrtfPffyI9QyetFUsw9/ajW4MCj7h.a7QfvZCWh41Sim', NULL, NULL, 0),
       (178, 'MagentaBadger65', 'perry.becker@gmail.com', '0886531591',
        '$2a$10$dtODMJNRt0dwEBuJKC0nN.fHfRMGB.bwA.n.lU.rMgL3QhLCn3.oG', NULL, NULL, 0),
       (179, 'OrangeBee55', 'karin.thompson@yahoo.com', '0888578306',
        '$2a$10$.XMVB8xVLDN.4pCBjO9n2e51RAQNc.nu5ODgYa/KlO8DXwten/1dq', NULL, NULL, 0),
       (180, 'WhiteCoyote32', 'diane.kemmer@yahoo.com', '0885602704',
        '$2a$10$rHsQJtxqB6FGgTH.KzuOHeHrrc45Ye0p8x21UYUAcs.kftOCgDbAm', NULL, NULL, 0),
       (181, 'YellowCheetah15', 'giovanni.crooks@gmail.com', '0882109507',
        '$2a$10$f8wr9wlifm4YEGdGrM1qZudcH1zVknCuNft2f7mjsAvs.iIVYQJ/G', NULL, NULL, 0),
       (182, 'LimeHamster04', 'usha.gutmann@yahoo.com', '0885417148',
        '$2a$10$.uHO8KZUsFHlTdyXhr.ll.0EgHFiFkt5fSxlcrxN359/JMoI0oEhy', NULL, NULL, 0),
       (183, 'PinkOtter18', 'natisha.dickens@hotmail.com', '0889571177',
        '$2a$10$as.EoyI8PMRG/CahlOuxN.Lul8cAMD8DJVfoIfUoy18HkRR.1iIqq', NULL, NULL, 0),
       (184, 'LavenderMonkey56', 'duane.wisoky@gmail.com', '0881767811',
        '$2a$10$kyzePwO..3LjaX.Fn.mURu3zfDygElpWfG/Z1GhVSt2.WMQhbb9L2', NULL, NULL, 0),
       (185, 'IvoryWaterBuffalo40', 'vince.bins@hotmail.com', '0888105779',
        '$2a$10$rYxrYdyMzrTbDnQJSZlpau17diVbPha9R6EiktdP/9.mNtJgI/S7a', NULL, NULL, 0),
       (186, 'MaroonSheep72', 'silva.zieme@yahoo.com', '0886073846',
        '$2a$10$ScOulGl.W.yiY2VyeI69zeX1Q2IPlAEF4XwxfO.agIJDNLQNZ7bzu', NULL, NULL, 0),
       (187, 'VioletGoat88', 'kristopher.schumm@yahoo.com', '0887751045',
        '$2a$10$HpT5bvAP.ect0jf1HG38CuWb5Stskkcx0yo/BmGZH3J6Jt6WF3TC6', NULL, NULL, 0),
       (188, 'TurquoiseKangaroo41', 'caryl.stanton@gmail.com', '0886303170',
        '$2a$10$1HXuBwI3AinvYkF8wr5zYO10JuHcoGhR9s9Tbpbo4QQQKFzaJWcQi', NULL, NULL, 0),
       (189, 'LimeLeopard13', 'fredricka.keeling@hotmail.com', '0886802864',
        '$2a$10$QwmLXhIpBBV8O96CDZxs8eby9gK19Pw6v4JFsPOJfc/NlNq5/T2ly', NULL, NULL, 0),
       (190, 'RedYak26', 'warren.renner@hotmail.com', '0883782880',
        '$2a$10$YnaeHxUSadhWG5s4aZdUNuZhhX9VSrbOy1re4XeLLKvJTxbULXAQW', NULL, NULL, 0),
       (191, 'OrangeFox18', 'joan.wilkinson@hotmail.com', '0880361348',
        '$2a$10$fzxoO6.AClpF9H8jShmmD.YpsJ9U1TAtrWNFX80MJFxe1fCNw0H.6', NULL, NULL, 0),
       (192, 'TanWhale27', 'gina.collins@hotmail.com', '0887939875',
        '$2a$10$KZm1PtZZuXiyc56z4sGKp.FyJ.4UNyJsGQvJKbX8ORwv601Rh6/Te', NULL, NULL, 0),
       (193, 'TealBeetle95', 'eleanora.cruickshank@hotmail.com', '0885604537',
        '$2a$10$IjppZwi2h6ngEUs6id1mz.gyMT3yEWgjKCsz2B9q4VRM3sAF3sp46', NULL, NULL, 0),
       (194, 'SilverBadger63', 'wilbert.kutch@yahoo.com', '0883604791',
        '$2a$10$k/CgubZqpZopUkP7okDCdOmqvUAFzk0CZCmpeWH3n7lQCQK/fdO6u', NULL, NULL, 0),
       (195, 'GoldFox29', 'dallas.howell@yahoo.com', '0887442523',
        '$2a$10$3k3P5PZipucQjgutNpmCn.Y.eX4ePP0y5LPUnK8ICxAaUl1.XvjTK', NULL, NULL, 0),
       (196, 'SilverBear24', 'edward.jakubowski@hotmail.com', '0884631333',
        '$2a$10$jvZYT7g2u2XxbPCaP6KUOuR8Z/hd6qR2Xo6FoTm6.xNvloecDUwNG', NULL, NULL, 0),
       (197, 'TanYellowjacket35', 'margrett.batz@yahoo.com', '0885236513',
        '$2a$10$qvAYeLj8jDgv1NDwzbycke7oXDBPovEnhzHTdR9YGNIJ3W0KYFQi6', NULL, NULL, 0),
       (198, 'VioletMarten48', 'alysa.wyman@gmail.com', '0887616306',
        '$2a$10$SHbGx1cbdGvZEhib3VKJPezJnPP/DztZX.VWrH2YbyNe/4tRak9.6', NULL, NULL, 0),
       (199, 'GreyMouse47', 'joetta.stamm@yahoo.com', '0880451081',
        '$2a$10$k9OurJRwPta.I.fn6uX/W.4blaHEb78c6/UJmykka4FqxQZcF4V2C', NULL, NULL, 0),
       (200, 'MaroonMallard08', 'darrin.ferry@gmail.com', '0881354271',
        '$2a$10$TovfzjWCyNnX8GqpE9nPve2MrExmaPtBHdKinsCMSKm..HewvJxAm', NULL, NULL, 0),
       (201, 'OrchidPig63', 'abram.fay@gmail.com', '0887573086',
        '$2a$10$nAAgyxZ45jo9HM0uj1CJo.izu3ClnEhvYdb.rns64SiFTOWhX9foa', NULL, NULL, 0),
       (202, 'IndigoHorse20', 'silas.farrell@gmail.com', '0884978145',
        '$2a$10$UJrHjqiVpnxLpg8HyjVHsugJo8KcXEh3ujtCT1nvlkcDPuoyMSIrS', NULL, NULL, 0),
       (203, 'BlackPug87', 'kandace.corwin@yahoo.com', '0888802460',
        '$2a$10$BRrLsjlQ36l6U9gpuoUq5eNZDc/lGOGx4AYy3nJoHLvmIbF8a43RC', NULL, NULL, 0),
       (204, 'LimeWeasel31', 'charolette.mcdermott@gmail.com', '0887791100',
        '$2a$10$NBKcAnfUcUc7niUk.G8pU.E7LRcFvPSxd1O8TlMTY2LM1lB39lwcG', NULL, NULL, 0),
       (205, 'IndigoHound55', 'gordon.terry@yahoo.com', '0885480330',
        '$2a$10$kwh6PCwiZ0df/7knVGAQIu4gKTnuF.BmYyQ3O4nTZd7/rbepXlxGC', NULL, NULL, 0),
       (206, 'MintGreenBuffalo10', 'nicholas.stracke@yahoo.com', '0885408814',
        '$2a$10$UOMVQ2jpkyMN9p/Rk1Sdwuahzf9Qnasb9HGw4ZtVZ06zKQClmGDlS', NULL, NULL, 0),
       (207, 'TealMinnow42', 'jeremy.pacocha@gmail.com', '0882093810',
        '$2a$10$DhynbHfxSBvuRCape8hrfuuNb9sUR4JJ8.j5tUEgoWmrxvtKSblum', NULL, NULL, 0),
       (208, 'YellowDolphin61', 'amado.fadel@yahoo.com', '0882751509',
        '$2a$10$P/O6.QWAbp4.zDaFAooLe.vlUfYxO7FjJWAzPz4T3fMRApfxAQsMm', NULL, NULL, 0),
       (209, 'TurquoiseSquirrel88', 'carmen.crona@gmail.com', '0881418087',
        '$2a$10$6LDvAD43CkMwO8pwq.yi8O3Ss0d.RWTo4LFZp1Z/81iFe0PbcQluS', NULL, NULL, 0),
       (210, 'TurquoiseCicada43', 'glenn.gerhold@gmail.com', '0881595064',
        '$2a$10$IsxV9wMSZ21eIeqn8s50.ekE2hL3H8z89EHlxaqsiCuMln9cGo98u', NULL, NULL, 0),
       (211, 'PlumMole64', 'erik.runte@yahoo.com', '0888455325',
        '$2a$10$uIiP.PoGiDBe7eMaWt8GJuHMzkFKvobhH6HQihvpP8rrTcWhG89Ae', NULL, NULL, 0),
       (212, 'OrchidDolphin14', 'emery.fritsch@yahoo.com', '0883482306',
        '$2a$10$EygPCwEyxze9KJXUgLmwyuUiIT.E84Qw4LFcz5cuzdGdblEv.EPJG', NULL, NULL, 0),
       (213, 'MagentaMinnow83', 'georgina.grimes@yahoo.com', '0887045619',
        '$2a$10$lovcR0pIYMNvn1.PLHE8EeVKvT7f/V6CMDXdD5IbOJwCJIiXla3iO', NULL, NULL, 0),
       (214, 'GoldZebra40', 'maragret.mosciski@hotmail.com', '0884610800',
        '$2a$10$jIzWXr30G5jVj9rXTKSqLuQ91Eo4CSmS/0LZ1isqjpKZZ/U79LGza', NULL, NULL, 0),
       (215, 'GoldShark30', 'allen.paucek@hotmail.com', '0886015345',
        '$2a$10$2VZgB2ZvXsYdYMdQdVpQKuIIC.vBf/yg7O9LdAo2TlahXxaaWISuW', NULL, NULL, 0),
       (216, 'LimeBeetle36', 'jerrold.bogan@hotmail.com', '0887269746',
        '$2a$10$fjCna/uotUCP/.SMWPdzreObLZRb0.podv2RKgQ5QRt4HnE3fZAqm', NULL, NULL, 0),
       (217, 'RedRat17', 'timothy.moen@hotmail.com', '0883924525',
        '$2a$10$BnkGT9EqS6qv.Fk8UwtVqu7ojyOgHSA/0I9WBca.h3Zgx1FIb1hou', NULL, NULL, 0),
       (218, 'SkyBlueRat00', 'junko.hammes@hotmail.com', '0888713050',
        '$2a$10$D9JYdvv9U4hf6zTBpq6tHuyAgq5drAsujUyx0U9vkBZxbdJSntqRC', NULL, NULL, 0),
       (219, 'GoldRaven43', 'michaela.oconnell@gmail.com', '0883985634',
        '$2a$10$tTSvrG9/4KVeKZQhjPN42OqoeO/GihMW73nEjSynmeFhi7MDJB0pm', NULL, NULL, 0),
       (220, 'VioletElephant40', 'madonna.marquardt@gmail.com', '0882475183',
        '$2a$10$3WXdr8fhNnym18y5jK1cBefgmZRhUS8WlzK7upikbnzyz76k44vaK', NULL, NULL, 0),
       (221, 'RedWorm22', 'april.kuhlman@gmail.com', '0881325557',
        '$2a$10$AigFufkwjAOPnbVzLT19FeXTJvT5Isi3Vvz3FmNGF2TybLK/SwU1O', NULL, NULL, 0),
       (222, 'CyanShark86', 'pierre.lakin@gmail.com', '0886536841',
        '$2a$10$suwVYYPdsHydibdVLEJXI.QBOYDELrLp50XN.jelKUUbiveL1svya', NULL, NULL, 0),
       (223, 'SkyBlueCoyote52', 'oda.murphy@gmail.com', '0883585540',
        '$2a$10$aMVH6tckb8PjwEDv32dFuezInNMQJzeHaeHwJetMhmN/9tKV7IZ8a', NULL, NULL, 0),
       (224, 'MaroonDeer12', 'morris.schuppe@yahoo.com', '0884576452',
        '$2a$10$WZngl.0zL47AsDOv0KmzjOMW0QYHoBTsY3/Hh0lAp9bmChEQtzxsO', NULL, NULL, 0),
       (225, 'YellowRabbit43', 'curtis.russel@yahoo.com', '0881621255',
        '$2a$10$FviSARD0qW3bFswXhs.A5OUuxH87DtVRVVer8JwuNJDxqMzFN0EbG', NULL, NULL, 0),
       (226, 'RedRhinoceros00', 'suzan.kozey@yahoo.com', '0880051863',
        '$2a$10$fDhzqszbL/O.RcnqvmG5Jukw11Qyt.sgceezuVJtX1/33VzIDv9au', NULL, NULL, 0),
       (227, 'IndigoLeopard43', 'karine.labadie@gmail.com', '0886851872',
        '$2a$10$fobV76X1LI0gnc2gTZsjqu/CwabMOjlo4xNJT4g2EbD6nz3yzGsRi', NULL, NULL, 0),
       (228, 'MaroonTurtle03', 'colby.pollich@yahoo.com', '0887230566',
        '$2a$10$8pRjfSQdvF9eVal1msLfseQ7OVlOzdu6uzRVmQbE6QPHhepa/Dazy', NULL, NULL, 0),
       (229, 'PinkCaribou81', 'erasmo.fisher@yahoo.com', '0882844715',
        '$2a$10$T7eEcAXXPe62tOTlEvjH3urWbiQVXmhh0rpcfrMNI6YftoZIn/EzC', NULL, NULL, 0),
       (230, 'IndigoMouse67', 'arlen.greenfelder@gmail.com', '0880963376',
        '$2a$10$Wivu..RVTbm4Yx8Q65HvjeL73rnuSUQfmTaR5Zg6mnS0CPqN7.DES', NULL, NULL, 0),
       (231, 'GreyMuskrat54', 'rochell.mraz@hotmail.com', '0884808855',
        '$2a$10$1rUEebNQjPWa07Ek26iTyeZoFUytcmdUVxM0fJG.ivdo6cJrwk1am', NULL, NULL, 0),
       (232, 'BlackWombat51', 'nila.breitenberg@gmail.com', '0883204180',
        '$2a$10$84OtneVHCnauN5z8iS1TVuH7UQPPQWYvSx7ks/3T00FrCOSJqQLyi', NULL, NULL, 0),
       (233, 'GreyBat51', 'shelly.schmeler@yahoo.com', '0880138744',
        '$2a$10$VSxlgJMfQzQY0hiDZ/LTRuXO8MQ.ORyBktp8jI4HRXpaA.MAyn5.e', NULL, NULL, 0),
       (234, 'TurquoiseTrout87', 'sebrina.murphy@hotmail.com', '0884628024',
        '$2a$10$sTk6ZeArFAQq/NKHjVxKhuVHMZHKT.38mXAtGOBBlc6PSKJaqPVmG', NULL, NULL, 0),
       (235, 'LavenderAlligator26', 'fred.greenholt@hotmail.com', '0881621282',
        '$2a$10$XSkttFiy1QaxfHKGyG6Wy.1qY/IKkilfY7Zp/NPOFCXkZ/yBK2fJe', NULL, NULL, 0),
       (236, 'AzureFerret34', 'karma.goldner@yahoo.com', '0886962771',
        '$2a$10$jSg9u7jXITE.3O0yuj55lOPv1JTkpg0jBtAp.7PjkkPaTlQrwQRDu', NULL, NULL, 0),
       (237, 'WhiteDuck87', 'kiesha.hand@gmail.com', '0889975926',
        '$2a$10$MzleerCt4VTxJt8OVS4vKO.upNJGIPLq1q94./ol1XJ6uoAFbgKtS', NULL, NULL, 0),
       (238, 'IndigoEagle32', 'wynona.harber@yahoo.com', '0880282029',
        '$2a$10$y2/a7egfapbLrRm0HMOdbOVc.pT1bboWm1IoA1MmL46ODEV7XtEu6', NULL, NULL, 0),
       (239, 'BlueBee13', 'gabriella.vandervort@gmail.com', '0881511426',
        '$2a$10$E/aoQT7XgHTaBhWQNuesye9f1mr.DZC8dZ/yF5T8qgWGgrr1cfNh2', NULL, NULL, 0);
/*!40000 ALTER TABLE `users`
    ENABLE KEYS */;

-- Dumping data for table smart_garage.users_roles: ~232 rows (approximately)
/*!40000 ALTER TABLE `users_roles`
    DISABLE KEYS */;
INSERT INTO `users_roles` (`user_id`, `role_id`)
VALUES (1, 1),
       (2, 2),
       (3, 1),
       (3, 2),
       (3, 3),
       (4, 1),
       (5, 1),
       (5, 3),
       (15, 1),
       (16, 1),
       (18, 1),
       (19, 1),
       (20, 1),
       (21, 1),
       (22, 1),
       (23, 1),
       (24, 1),
       (25, 1),
       (26, 1),
       (27, 1),
       (28, 1),
       (29, 1),
       (30, 1),
       (31, 1),
       (32, 1),
       (33, 1),
       (34, 1),
       (35, 1),
       (36, 1),
       (37, 1),
       (38, 1),
       (39, 1),
       (40, 1),
       (41, 1),
       (42, 1),
       (43, 1),
       (44, 1),
       (45, 1),
       (46, 1),
       (47, 1),
       (48, 1),
       (49, 1),
       (50, 1),
       (51, 1),
       (52, 1),
       (53, 1),
       (54, 1),
       (55, 1),
       (56, 1),
       (57, 1),
       (58, 1),
       (59, 1),
       (60, 1),
       (61, 1),
       (62, 1),
       (63, 1),
       (64, 1),
       (65, 1),
       (66, 1),
       (67, 1),
       (68, 1),
       (69, 1),
       (70, 1),
       (71, 1),
       (72, 1),
       (73, 1),
       (74, 1),
       (75, 1),
       (76, 1),
       (77, 1),
       (78, 1),
       (79, 1),
       (80, 1),
       (81, 1),
       (82, 1),
       (83, 1),
       (84, 1),
       (85, 1),
       (86, 1),
       (87, 1),
       (88, 1),
       (89, 1),
       (90, 1),
       (91, 1),
       (92, 1),
       (93, 1),
       (94, 1),
       (95, 1),
       (96, 1),
       (97, 1),
       (98, 1),
       (99, 1),
       (100, 1),
       (101, 1),
       (102, 1),
       (103, 1),
       (104, 1),
       (105, 1),
       (106, 1),
       (107, 1),
       (108, 1),
       (109, 1),
       (110, 1),
       (111, 1),
       (112, 1),
       (113, 1),
       (114, 1),
       (115, 1),
       (116, 1),
       (117, 1),
       (118, 1),
       (119, 1),
       (120, 1),
       (121, 1),
       (122, 1),
       (123, 1),
       (124, 1),
       (125, 1),
       (126, 1),
       (127, 1),
       (128, 1),
       (129, 1),
       (130, 1),
       (131, 1),
       (132, 1),
       (133, 1),
       (134, 1),
       (135, 1),
       (136, 1),
       (137, 1),
       (138, 1),
       (139, 1),
       (140, 1),
       (141, 1),
       (142, 1),
       (143, 1),
       (144, 1),
       (145, 1),
       (146, 1),
       (147, 1),
       (148, 1),
       (149, 1),
       (150, 1),
       (151, 1),
       (152, 1),
       (153, 1),
       (154, 1),
       (155, 1),
       (156, 1),
       (157, 1),
       (158, 1),
       (159, 1),
       (160, 1),
       (161, 1),
       (162, 1),
       (163, 1),
       (164, 1),
       (165, 1),
       (166, 1),
       (167, 1),
       (168, 1),
       (169, 1),
       (170, 1),
       (171, 1),
       (172, 1),
       (173, 1),
       (174, 1),
       (175, 1),
       (176, 1),
       (177, 1),
       (178, 1),
       (179, 1),
       (180, 1),
       (181, 1),
       (182, 1),
       (183, 1),
       (184, 1),
       (185, 1),
       (186, 1),
       (187, 1),
       (188, 1),
       (189, 1),
       (190, 1),
       (191, 1),
       (192, 1),
       (193, 1),
       (194, 1),
       (195, 1),
       (196, 1),
       (197, 1),
       (198, 1),
       (199, 1),
       (200, 1),
       (201, 1),
       (202, 1),
       (203, 1),
       (204, 1),
       (205, 1),
       (206, 1),
       (207, 1),
       (208, 1),
       (209, 1),
       (210, 1),
       (211, 1),
       (212, 1),
       (213, 1),
       (214, 1),
       (215, 1),
       (216, 1),
       (217, 1),
       (218, 1),
       (219, 1),
       (220, 1),
       (221, 1),
       (222, 1),
       (223, 1),
       (224, 1),
       (225, 1),
       (226, 1),
       (227, 1),
       (228, 1),
       (229, 1),
       (230, 1),
       (231, 1),
       (232, 1),
       (233, 1),
       (234, 1),
       (235, 1),
       (236, 1),
       (237, 1),
       (238, 1),
       (239, 1);
/*!40000 ALTER TABLE `users_roles`
    ENABLE KEYS */;

-- Dumping data for table smart_garage.vehicles: ~230 rows (approximately)
/*!40000 ALTER TABLE `vehicles`
    DISABLE KEYS */;
INSERT INTO `vehicles` (`vehicle_id`, `license_plate`, `vin`, `production_year`, `model`, `brand`, `user_id`,
                        `is_archived`)
VALUES (1, 'EH 5762 TO', 'P4U4947NX8A65H966', 2000, 'F-150', 'Ford', 1, 0),
       (2, 'M 3213 KE', 'K6YH368A4VK3X7FKY', 2005, 'Silverado', 'Chevrolet', 2, 0),
       (3, 'A 6010 CH', 'UBNF15571427J790O', 2013, 'Accord', 'Honda', 3, 0),
       (4, 'BT 7766 KT', '658TLWB8KSD0AQ2Y5', 1990, 'Altima', 'Nissan', 4, 0),
       (5, 'EH 1385 ME', '7YI24V0001LEX2PB9', 1999, '3 Series', 'BMW', 5, 0),
       (6, 'A 0872 AA', 'CR4140SET14K3EZ93', 1992, 'Model S', 'Tesla', 15, 0),
       (7, 'Y 4592 AE', 'W2C74024327VL9DQG', 1997, '911', 'Porsche', 16, 0),
       (8, 'PK 5402 TP', 'J26TPTT6U5PFL3103', 2009, '458 Italia', 'Ferrari', 17, 0),
       (9, 'A 3145 BK', '96051N426L93NJFVN', 2011, 'Aventador', 'Lamborghini', 18, 0),
       (10, 'E 5307 ME', '1C81M9KNBQO02FZ0I', 1992, 'Vantage', 'Aston Martin', 19, 0),
       (11, 'KH 3321 KE', 'B9O5OVEI2K6TKHM59', 2005, 'Escalade', 'Cadillac', 20, 0),
       (12, 'P 9333 MY', '4D90SFR3949QK4J24', 2008, 'LaCrosse', 'Buick', 21, 0),
       (13, 'BT 1038 EP', '44DV689F414SL2R1X', 2011, 'Sierra', 'GMC', 22, 0),
       (14, 'T 6928 TE', 'ON9T8W1235V9R9E4R', 2004, '300', 'Chrysler', 23, 0),
       (15, 'TX 8379 HM', 'E0II6Z7MQ531978HL', 2011, '1500', 'RAM', 24, 0),
       (16, 'K 5627 HY', '2I714X1WA3A2330HJ', 2001, 'F-Type', 'Jaguar', 25, 0),
       (17, 'EH 3909 KK', '1EOEXQ1RFU4O5SZ28', 1993, 'Range Rover', 'Land Rover', 26, 0),
       (18, 'BT 0249 TT', '9SMK2B446ZVXM1SRQ', 2016, 'S60', 'Volvo', 27, 0),
       (19, 'H 4433 TX', 'PJD41N6J5H6OMPC4N', 2010, 'IS', 'Lexus', 28, 0),
       (20, 'OB 0725 XA', '6V5M50FYUCQDXCHL5', 2006, 'NSX', 'Acura', 29, 0),
       (21, 'CB 7296 MM', 'Q32BTBH5X854P7R1U', 1996, 'Q50', 'Infiniti', 30, 0),
       (22, 'EH 4231 ET', 'JVGLRRZU2ANZ2AL3C', 1996, 'Eclipse Cross', 'Mitsubishi', 31, 0),
       (23, 'A 1095 EM', '8IN5RKI16RW656OI9', 2013, 'Vitara', 'Suzuki', 32, 0),
       (24, 'PP 8681 EC', '96D2D1182G4PL9FY6', 2009, 'Giulia', 'Alfa Romeo', 33, 0),
       (25, 'EB 0356 PK', 'BXLH58720D4JM2Q0Q', 2003, 'Ghibli', 'Maserati', 34, 0),
       (26, 'OB 7979 KE', '927EOF77951PLIZJI', 2008, 'Chiron', 'Bugatti', 35, 0),
       (27, 'X 1246 HK', '367D468AK1KZG42PE', 2013, '720S', 'McLaren', 36, 0),
       (28, 'PK 8905 OT', 'I067T7D2R77L8R80F', 2011, 'Ghost', 'Rolls-Royce', 37, 0),
       (29, 'EB 0372 HK', '07XRK3G348P7E3LHO', 2003, 'Continental GT', 'Bentley', 38, 0),
       (30, 'K 1256 EP', '39YU3Q0EDFZ15EWBM', 2015, 'Evora', 'Lotus', 39, 0),
       (31, 'EH 1054 BE', '3208QWO2NP56FM2JH', 1990, 'RAV4', 'Toyota', 40, 0),
       (32, 'OB 9258 MK', '024F4E39YLRTTK0YA', 1998, 'Mustang', 'Ford', 41, 0),
       (33, 'Y 6132 MX', 'Q514I72W49RXQ5XRK', 2018, 'Corvette', 'Chevrolet', 42, 0),
       (34, 'Y 1249 MX', '3O71ZS245PR48Q539', 2013, 'Civic', 'Honda', 43, 0),
       (35, 'OB 4216 KK', 'MDX7HF7E9860VNY3Y', 2014, 'Rogue', 'Nissan', 44, 0),
       (36, 'TX 8508 TE', '6OFX4VK3067899A8S', 1990, '5 Series', 'BMW', 45, 0),
       (37, 'C 4124 MP', 'NY4OE95Z60XNRK8O9', 2004, 'E-Class', 'Mercedes-Benz', 46, 0),
       (38, 'EH 9702 MY', 'P6FWKQ6QG5911T7LQ', 2013, 'Q5', 'Audi', 47, 0),
       (39, 'A 2244 EA', 'Y424CFMG26DY18Z15', 1998, 'Tiguan', 'Volkswagen', 48, 0),
       (40, 'EB 0654 KX', 'NC533204NHY070CMO', 2013, 'Sorento', 'Kia', 49, 0),
       (41, 'A 2735 BH', '153RW5R4PNJ26K28T', 2000, 'Santa Fe', 'Hyundai', 50, 0),
       (42, 'CH 4460 PM', '94W3A669PE00T94PO', 2010, 'CX-9', 'Mazda', 51, 0),
       (43, 'OB 9881 BK', '2M76872N2JW4ECR20', 2006, 'Outback', 'Subaru', 52, 0),
       (44, 'K 8569 KT', 'AI30K56TI36C6K3I1', 2016, 'Grand Cherokee', 'Jeep', 53, 0),
       (45, 'H 5810 XH', '334S6QA8CJHX1VZQP', 1994, 'Charger', 'Dodge', 54, 0),
       (46, 'CM 0303 HB', '8IJHC09575C3789JQ', 1993, 'Model X', 'Tesla', 55, 0),
       (47, 'A 8181 TY', 'PJ2AO2XA54A022Y4M', 2013, 'Cayenne', 'Porsche', 56, 0),
       (48, 'BT 6725 HY', 'GO7180FD16H5O1280', 1998, 'F12 Berlinetta', 'Ferrari', 57, 0),
       (49, 'CO 1010 HH', '01NXX48B95819C18F', 2001, 'Huracan', 'Lamborghini', 58, 0),
       (50, 'OB 2449 XP', '9L19IS38TU17869YR', 2012, 'DB9', 'Aston Martin', 59, 0),
       (51, 'OB 7880 HO', '801S9BOG1924X062D', 1999, 'CTS', 'Cadillac', 60, 0),
       (52, 'BP 4854 KM', 'V02FM172J4YXYU15O', 2006, 'Encore', 'Buick', 61, 0),
       (53, 'CM 7970 XK', '32468FIEFO94841NK', 2003, 'Terrain', 'GMC', 62, 0),
       (54, 'A 9603 KM', 'YY94EP6ML2U0N8810', 1998, 'Pacifica', 'Chrysler', 63, 0),
       (55, 'M 9336 OM', 'OT1EZ5CC6K6ABH2O3', 1998, '2500', 'RAM', 64, 0),
       (56, 'X 3681 KA', 'JN7UH2AK6HM96EYK9', 1995, 'XF', 'Jaguar', 65, 0),
       (57, 'PK 0726 XA', '3I43K1UWR38ETOKXE', 2017, 'Discovery', 'Land Rover', 66, 0),
       (58, 'BP 1874 XY', '9835PV483WTASQ341', 2010, 'XC90', 'Volvo', 67, 0),
       (59, 'BT 9739 HM', '671OQM4S6Z7MO91IE', 1993, 'ES', 'Lexus', 68, 0),
       (60, 'M 1854 EK', 'ZKQ16XGGONN763X5F', 2006, 'RDX', 'Acura', 69, 0),
       (61, 'T 0475 XB', 'TVSF4M86AON9199ZM', 1999, 'QX60', 'Infiniti', 70, 0),
       (62, 'A 1673 HT', '7SH70V83CI8780E93', 2018, 'Outlander', 'Mitsubishi', 71, 0),
       (63, 'A 4820 HA', 'PSC49VVA5FG6GPE1B', 1996, 'Swift', 'Suzuki', 72, 0),
       (64, 'BP 6438 MM', '119W0FN6GGTLID6WV', 2016, 'Stelvio', 'Alfa Romeo', 73, 0),
       (65, 'OB 6023 AH', 'QX53DW86O0MNDB886', 2002, 'Quattroporte', 'Maserati', 74, 0),
       (66, 'Y 8049 MM', 'SRPTGE1O2A70DAED3', 1991, 'Veyron', 'Bugatti', 75, 0),
       (67, 'BH 2351 YM', '1KF1T8U3H71I56079', 1999, '570S', 'McLaren', 76, 0),
       (68, 'M 1978 XH', 'UH01ZN06O84EM7S93', 2001, 'Phantom', 'Rolls-Royce', 77, 0),
       (69, 'K 2661 XE', 'MJCINI983P88UFQ71', 1993, 'Mulsanne', 'Bentley', 78, 0),
       (70, 'OB 5774 OT', 'ZN49RT6L890QDKIHY', 2004, 'Elise', 'Lotus', 79, 0),
       (71, 'CH 3422 KE', '355I274R74S9K6102', 2015, 'Tacoma', 'Toyota', 80, 0),
       (72, 'T 9768 MK', '0TZ9132KVG5IOLPF4', 1999, 'Escape', 'Ford', 81, 0),
       (73, 'E 5897 KE', 'E2M622FP25MSTSUL6', 1999, 'Equinox', 'Chevrolet', 82, 0),
       (74, 'M 4226 MO', 'MB0E3T0H9G2755QPA', 1997, 'CR-V', 'Honda', 83, 0),
       (75, 'OB 7543 OK', '8M70HJZ12EP70UA7N', 2015, 'Pathfinder', 'Nissan', 84, 0),
       (76, 'BH 7297 AE', 'H16HG4DL68JXO1HC6', 2004, 'X5', 'BMW', 85, 0),
       (77, 'OB 7887 PP', '2BUF73P888SY874DB', 2006, 'GLE-Class', 'Mercedes-Benz', 86, 0),
       (78, 'X 9039 PC', 'U94P7V1C6N96ZH6ZX', 2014, 'A5', 'Audi', 87, 0),
       (79, 'KH 1283 TO', '9XC981Y4WGI432H40', 2003, 'Atlas', 'Volkswagen', 88, 0),
       (80, 'A 6810 XT', 'I3O0N02080I6Y90WB', 2017, 'Soul', 'Kia', 89, 0),
       (81, 'PB 4033 PK', '8B5DB9326S167S9WH', 1994, 'Kona', 'Hyundai', 90, 0),
       (82, 'T 9079 PY', 'WBQJF0B8M17M301M5', 2001, 'CX-3', 'Mazda', 91, 0),
       (83, 'CM 0095 MK', '2XIS9661BWHWE2205', 2013, 'Crosstrek', 'Subaru', 92, 0),
       (84, 'H 8102 CO', '54CW5Q8LZ0WN9PA77', 2018, 'Renegade', 'Jeep', 93, 0),
       (85, 'EB 9092 TB', '2NLV840FK34NH7982', 2006, 'Durango', 'Dodge', 94, 0),
       (86, 'K 4002 XK', '1X56ZV05M8RJ1OJ9Y', 1997, 'Model 3', 'Tesla', 95, 0),
       (87, 'OB 3602 YT', '4Q4CRVN7MNGTFK5B7', 2009, 'Panamera', 'Porsche', 96, 0),
       (88, 'E 8984 XT', 'E53BM21M2ROGR0VC4', 2003, '812 Superfast', 'Ferrari', 97, 0),
       (89, 'K 3461 CT', '3V0575X7FE85ICC81', 2012, 'Murcielago', 'Lamborghini', 98, 0),
       (90, 'A 0511 AT', '7K782QT63UWFW94I7', 1995, 'DB11', 'Aston Martin', 99, 0),
       (91, 'KH 1821 KT', '20MPF6O98Y5K847ZT', 1999, 'CT6', 'Cadillac', 100, 0),
       (92, 'BP 7686 EH', '89JUVDCE8WT4X6O40', 2003, 'Regal', 'Buick', 101, 0),
       (93, 'CH 3269 MK', 'MFL99KBTIW29L2D81', 2001, 'Acadia', 'GMC', 102, 0),
       (94, 'P 2093 TK', '999IEV10425958162', 2003, '200', 'Chrysler', 103, 0),
       (95, 'BT 6567 HP', '9XD897JXSMASP696K', 2011, '3500', 'RAM', 104, 0),
       (96, 'A 1781 PE', 'UWD1A7Q79UKVK9493', 2010, 'F-PACE', 'Jaguar', 105, 0),
       (97, 'EH 2379 TC', 'J82AGS2JI8VV460OB', 1992, 'Range Rover Sport', 'Land Rover', 106, 0),
       (98, 'X 6269 PY', '0U57PE98K13WU065G', 2010, 'XC60', 'Volvo', 107, 0),
       (99, 'PB 2172 CE', '7I027BA843M4BO33N', 1995, 'RX', 'Lexus', 108, 0),
       (100, 'X 9500 TP', '3479Y34O2SG95NQ83', 2014, 'ILX', 'Acura', 109, 0),
       (101, 'A 5383 XC', '7P4MHJA00Y83LY5K7', 2002, 'QX80', 'Infiniti', 110, 0),
       (102, 'BT 7409 MY', '1910D880ZYYY4GJXO', 1998, 'Mirage', 'Mitsubishi', 111, 0),
       (103, 'TX 6826 MT', 'Y36P86KQF1NO62BQ1', 2011, 'Celerio', 'Suzuki', 112, 0),
       (104, 'E 8875 MH', 'OP023P8VZYHJ4B8Z6', 1994, '4C', 'Alfa Romeo', 113, 0),
       (105, 'H 1024 BM', 'P2W785CKNY913ZMKA', 1998, 'Levante', 'Maserati', 114, 0),
       (106, 'X 1003 HH', '7EQ488U244Z10P0YL', 1994, 'Divo', 'Bugatti', 115, 0),
       (107, 'A 8165 EM', '9Z0ZFDF5K94C609WC', 1993, '600LT', 'McLaren', 116, 0),
       (108, 'B 9106 KY', '5CTZ79A6D2IV99B51', 1991, 'Wraith', 'Rolls-Royce', 117, 0),
       (109, 'OB 5020 KK', 'DMEUV15H918S6Q80P', 2013, 'Bentayga', 'Bentley', 118, 0),
       (110, 'KH 9869 AM', '4U6091W3Q9E0ZOM01', 2000, 'Exige', 'Lotus', 119, 0),
       (111, 'Y 1651 MH', 'N3517TTHUY38B5NRV', 2017, '4Runner', 'Toyota', 120, 0),
       (112, 'A 9790 TM', 'ATSWD7XKS03WNT9UE', 1998, 'Focus', 'Ford', 121, 0),
       (113, 'Y 8966 TB', '87A420B2CNKFH1F19', 2011, 'Traverse', 'Chevrolet', 122, 0),
       (114, 'KH 4659 BE', '7W109SBH7X563O4TJ', 2006, 'Odyssey', 'Honda', 123, 0),
       (115, 'T 9096 YK', '450609W01825I3FM5', 2018, 'Maxima', 'Nissan', 124, 0),
       (116, 'P 8902 OK', 'KO0ALZ787B43C0L3L', 2001, '7 Series', 'BMW', 125, 0),
       (117, 'E 0615 KH', '1AUNB1MBDG13F7590', 1998, 'S-Class', 'Mercedes-Benz', 126, 0),
       (118, 'H 0671 KH', '8C7M768PR14IJZ007', 2000, 'A6', 'Audi', 127, 0),
       (119, 'A 0113 MK', 'PK7TW682GA00748P4', 2017, 'Arteon', 'Volkswagen', 128, 0),
       (120, 'OB 9540 BE', 'DB070JA9479HO43DL', 2007, 'Stinger', 'Kia', 129, 0),
       (121, 'H 6923 HX', '4I45876SY8I887468', 2003, 'Venue', 'Hyundai', 130, 0),
       (122, 'PK 7942 MA', 'I6U3NJCD56V7F0C1Z', 2016, 'CX-5', 'Mazda', 131, 0),
       (123, 'BT 9637 MH', '3656G4NXJ59A456ME', 2006, 'Ascent', 'Subaru', 132, 0),
       (124, 'CO 6579 ME', 'R8T736FR0I4P04790', 1990, 'Cherokee', 'Jeep', 133, 0),
       (125, 'EB 5268 BT', '81L393TWGXXEE2L7F', 1993, 'Grand Caravan', 'Dodge', 134, 0),
       (126, 'KH 9587 AE', '7UIV3194ADFB0VQE3', 1996, 'Model Y', 'Tesla', 135, 0),
       (127, 'KH 9189 HT', 'T31C7J2234GGZ7A19', 2018, 'Macan', 'Porsche', 136, 0),
       (128, 'C 8481 EM', 'S1120VQ7F8Q8AY2O1', 2017, 'SF90 Stradale', 'Ferrari', 137, 0),
       (129, 'EH 8091 MT', 'JK69730G37WAQ94TH', 1998, 'Sian FKP 37', 'Lamborghini', 138, 0),
       (130, 'PK 8034 XA', 'XW3B8WGU577821IB6', 2016, 'Rapide', 'Aston Martin', 139, 0),
       (131, 'CH 6220 BK', '3L5TN5MVATONS7762', 2008, 'XT4', 'Cadillac', 140, 0),
       (132, 'Y 8242 TH', 'B69A56C833MDX5AJG', 2011, 'Enclave', 'Buick', 141, 0),
       (133, 'A 9964 TT', 'OONV8CIL5MZ823644', 2007, 'Canyon', 'GMC', 142, 0),
       (134, 'OB 3019 BP', '7RILW8U0J63KLYDMT', 1999, '300C', 'Chrysler', 143, 0),
       (135, 'PP 4452 KX', 'HY998G28FJQ1958D2', 2002, '4500', 'RAM', 144, 0),
       (136, 'K 8420 KY', '81X138MC8U583N3A9', 2004, 'XJ', 'Jaguar', 145, 0),
       (137, 'CO 5043 OT', 'DDQLM8BW9D3N4Q916', 1999, 'Discovery Sport', 'Land Rover', 146, 0),
       (138, 'CT 2401 HH', '30392K41XHDQYG7D4', 1997, 'V60', 'Volvo', 147, 0),
       (139, 'BH 8956 KE', 'C4QYN90CC9Q16JGK7', 2017, 'LC', 'Lexus', 148, 0),
       (140, 'EH 8375 MK', '120UF70UHJOP57812', 2001, 'MD-X', 'Acura', 149, 0),
       (141, 'X 8089 PM', '5K96N7IOSUT18K99U', 2010, 'QX50', 'Infiniti', 150, 0),
       (142, 'H 9781 TH', '33B5Q042L0P98YI2C', 2007, 'Eclipse Cross', 'Mitsubishi', 151, 0),
       (143, 'C 1359 TM', '5X0382ZP2XHJ9GTO1', 2002, 'Swift Sport', 'Suzuki', 152, 0),
       (144, 'TX 1669 CH', '232WVK4LST677BX63', 2012, '8C', 'Alfa Romeo', 153, 0),
       (145, 'Y 8963 YT', 'IA23UG972Q25297SO', 2004, 'GranTurismo', 'Maserati', 154, 0),
       (146, 'X 1096 KT', 'SFZ29NY9WT60XY98D', 1997, 'La Voiture Noire', 'Bugatti', 155, 0),
       (147, 'A 0877 PT', 'NQ4NPW1D93Q9H2Y4P', 2015, 'GT', 'McLaren', 156, 0),
       (148, 'K 3970 CE', '77YZ2Z08WRI8B6DL0', 2004, 'Dawn', 'Rolls-Royce', 157, 0),
       (149, 'H 6796 KH', '3UQ8SV67C89QK84N2', 1993, 'Continental Flying Spur', 'Bentley', 158, 0),
       (150, 'OB 0462 OM', 'J9F54256J72375OMY', 1999, 'Evija', 'Lotus', 159, 0),
       (151, 'M 4902 BE', '2Q7N3353J91DX1RN0', 2010, 'Tundra', 'Toyota', 160, 0),
       (152, 'BT 8049 KY', 'N2OF74PAQAV1D9DXC', 2000, 'EcoSport', 'Ford', 161, 0),
       (153, 'H 6177 MM', '3E770W9KCB1KP1825', 1990, 'Tahoe', 'Chevrolet', 162, 0),
       (154, 'KH 7005 EE', '78S8T3CD6GSV6NDS1', 1994, 'Pilot', 'Honda', 163, 0),
       (155, 'KH 6384 EX', '1MZO1UR1047N8H2CB', 2014, 'Murano', 'Nissan', 164, 0),
       (156, 'EH 9671 EK', '157DBNEO1GJCX75P5', 2017, '6 Series', 'BMW', 165, 0),
       (157, 'TX 4009 XB', 'REZRR74J27EFU8W92', 1994, 'AMG GT', 'Mercedes-Benz', 166, 0),
       (158, 'A 7309 TX', '1EPJO4DNLG380DDWO', 2007, 'A7', 'Audi', 167, 0),
       (159, 'M 5990 TH', '614EHF2BE91E48Y15', 2003, 'Passat', 'Volkswagen', 168, 0),
       (160, 'PP 8216 PK', 'PDP4459ZFQ230K1TG', 1997, 'Telluride', 'Kia', 169, 0),
       (161, 'CH 1265 HM', '1W3OBX05FRD85949H', 2015, 'Palisade', 'Hyundai', 170, 0),
       (162, 'OB 3575 MB', 'ORDNL8419XEH02QP9', 2012, 'CX-30', 'Mazda', 171, 0),
       (163, 'PK 4220 TP', 'F11443RT45B97IJI0', 2001, 'Impreza', 'Subaru', 172, 0),
       (164, 'B 1849 OM', 'Q6G6B8UQ1GM3UALV5', 1999, 'Compass', 'Jeep', 173, 0),
       (165, 'X 6962 OY', 'RJDHK5G7V5OQ3CQ3X', 2009, 'Journey', 'Dodge', 174, 0),
       (166, 'BH 0786 TY', '2BN05BQMUA08RF6S8', 2011, '718 Boxster', 'Porsche', 175, 0),
       (167, 'A 8882 HE', 'QM922M87T7RH42TXV', 2008, '488 GTB', 'Ferrari', 176, 0),
       (168, 'A 9384 YC', '55EGLHX7V6XD64L91', 2017, 'Huracan EVO', 'Lamborghini', 177, 0),
       (169, 'PP 4368 ME', '8EQPKHKOT849QS657', 2017, 'Vanquish', 'Aston Martin', 178, 0),
       (170, 'PP 8918 YA', '4OKO1N838O446341Y', 1994, 'XT6', 'Cadillac', 179, 0),
       (171, 'CM 3411 MM', 'Q823ZZBGD4R94GB75', 1996, 'Regal GS', 'Buick', 180, 0),
       (172, 'KH 7837 OM', 'E178G8CZ8KE326FN5', 1994, 'Yukon', 'GMC', 181, 0),
       (173, 'T 6788 ME', '1BO4SP1U372H9E5Q4', 2004, 'Pacifica Hybrid', 'Chrysler', 182, 0),
       (174, 'Y 7628 HP', 'S6PK1L4NNB17SRW41', 1992, 'ProMaster City', 'RAM', 183, 0),
       (175, 'H 0412 TT', 'VQVOMV288E967P5WG', 2002, 'XE', 'Jaguar', 184, 0),
       (176, 'Y 1705 OH', '0X7U4S567EN3C4DEQ', 1991, 'Range Rover Velar', 'Land Rover', 185, 0),
       (177, 'PB 9688 KB', '3665V811KG2VU5DDQ', 2014, 'S90', 'Volvo', 186, 0),
       (178, 'A 6176 YK', 'Z45B5F810845Y8217', 2009, 'GX', 'Lexus', 187, 0),
       (179, 'BP 5806 MB', '08MZGBZD9I9Q15856', 2000, 'TLX', 'Acura', 188, 0),
       (180, 'EB 6768 ME', '5TI8F5XM6PG0ZM9OY', 1999, 'QX30', 'Infiniti', 189, 0),
       (181, 'M 7540 TE', '6SXRO5G135O27617F', 2017, 'Lancer', 'Mitsubishi', 190, 0),
       (182, 'Y 3458 PM', '5T0O92CGCV9ICCTAQ', 1998, 'SX4 S-Cross', 'Suzuki', 191, 0),
       (183, 'CT 4717 MP', 'HA29TO7Z499NRH16L', 2002, 'GTV', 'Alfa Romeo', 192, 0),
       (184, 'BT 7831 HO', 'AX8O027ITM8AF3PF5', 1996, 'Mistral', 'Maserati', 193, 0),
       (185, 'KH 5944 TT', '98BAVQ805PZV94BXC', 2011, 'Galibier', 'Bugatti', 194, 0),
       (186, 'PB 1148 MT', 'JYLD106481713J6OA', 2001, '540C', 'McLaren', 195, 0),
       (187, 'PP 7636 YM', 'S390S6BE5JCZW0H63', 1993, 'Cullinan', 'Rolls-Royce', 196, 0),
       (188, 'CH 3731 TK', 'GUF1GEJHGKQJDI9Z3', 2008, 'Mulliner', 'Bentley', 197, 0),
       (189, 'PB 0295 XH', 'IY8MIMRZP8PK4G041', 2018, 'Esprit', 'Lotus', 198, 0),
       (190, 'E 5213 YE', '5SQN0D59162N3JVB1', 2007, 'Sienna', 'Toyota', 199, 0),
       (191, 'M 9961 OT', 'U0Y11SJQNYY392509', 2002, 'Fusion', 'Ford', 200, 0),
       (192, 'PA 8045 BK', 'AI3EV0OA2H570DQO8', 2018, 'Suburban', 'Chevrolet', 201, 0),
       (193, 'EB 1369 BE', 'G0594IK1V829X1Y6H', 2014, 'Ridgeline', 'Honda', 202, 0),
       (194, 'A 9550 MT', '6XO5SXJME693885KS', 2008, 'Juke', 'Nissan', 203, 0),
       (195, 'E 4382 TE', '293513I0FS97481TS', 1996, 'Camaro', 'Chevrolet', 204, 0),
       (196, 'CH 6572 YX', '26CFLRZCP3A86JGA3', 1996, 'Taurus', 'Ford', 205, 0),
       (197, 'K 5458 MC', 'N80DCA908UU06J06W', 1998, 'Tundra', 'Toyota', 206, 0),
       (198, 'BT 3190 XM', 'OQ75485DTH3E6E1OK', 2006, 'CR-Z', 'Honda', 207, 0),
       (199, 'BT 4775 TM', 'VF1V6WU393FQSHOI6', 1994, 'Juke', 'Nissan', 208, 0),
       (200, 'A 4914 XH', '7W98V8N5UK79ET6YQ', 2009, '4 Series', 'BMW', 209, 0),
       (201, 'A 5132 KA', 'DQM8G725KL394CR00', 2000, 'CLS-Class', 'Mercedes-Benz', 210, 0),
       (202, 'Y 1696 TH', 'W36D02JM5TBCR55VZ', 2006, 'A7', 'Audi', 211, 0),
       (203, 'E 5016 KM', 'M5A0D8G6II4LZ8HAS', 2007, 'Golf', 'Volkswagen', 212, 0),
       (204, 'CO 5007 PH', '7775KB91HF0I3DGV8', 2012, 'Rio', 'Kia', 213, 0),
       (205, 'E 4381 PK', 'P3S1QA5AQNMO3D18J', 1998, 'Veloster', 'Hyundai', 214, 0),
       (206, 'BT 9423 KX', '844033L0Y89R6K1RT', 2005, 'CX-30', 'Mazda', 215, 0),
       (207, 'X 3877 KK', '981B93YF985RAF03M', 1994, 'Forester', 'Subaru', 216, 0),
       (208, 'A 3236 OH', 'VN392UNQAGM9515SU', 2001, 'Compass', 'Jeep', 217, 0),
       (209, 'TX 1014 XX', '73I8K1Z3E88YV56W0', 2003, 'Dakota', 'Dodge', 218, 0),
       (210, 'EH 8166 EE', 'P9V6C8U5BT0I89T8F', 2018, 'Model Y', 'Tesla', 219, 0),
       (211, 'B 6014 HM', 'H08P8CH4639556691', 2006, 'Boxster', 'Porsche', 220, 0),
       (212, 'OB 8373 HP', 'J2BVKM2Q05OX28ZO5', 1996, 'Huracan', 'Lamborghini', 221, 0),
       (213, 'OB 4538 EH', 'WY843A9MWP4DAC71M', 1991, 'DBS', 'Aston Martin', 222, 0),
       (214, 'PK 5826 MB', 'SWJ4JPB2F89P04YK1', 1998, 'XT5', 'Cadillac', 223, 0),
       (215, 'A 5634 YK', 'M1368ZEAST7H7A74V', 1992, 'Enclave', 'Buick', 224, 0),
       (216, 'A 2245 YH', '9J0Z21753A1A0JPNX', 2003, 'Canyon', 'GMC', 225, 0),
       (217, 'T 3355 TT', 'S4RB00AG13GN5OQV0', 2003, 'Pacifica', 'Chrysler', 226, 0),
       (218, 'TX 3663 EX', '6C9S5DB5I6ALYBP4L', 2010, '4500', 'RAM', 227, 0),
       (219, 'H 6084 KX', 'Z811MY3G111TDUSD4', 2007, 'XJ', 'Jaguar', 228, 0),
       (220, 'EH 8388 PM', '9807371NXC96ULBZL', 2004, 'Defender', 'Land Rover', 229, 0),
       (221, 'M 9121 PA', '7K06GM4W7927C1TZ8', 1999, 'V60', 'Volvo', 230, 0),
       (222, 'A 8353 HY', '70U32QSS767329TMU', 2018, 'GS', 'Lexus', 231, 0),
       (223, 'OB 9996 MT', '15MHHS504U29IY311', 2014, 'TLX', 'Acura', 232, 0),
       (224, 'TX 1156 OM', 'ZTG18V19806K2YJ7T', 2007, 'QX50', 'Infiniti', 233, 0),
       (225, 'EB 9211 HY', 'NC0JP2Z7O231I4W98', 2007, 'Lancer', 'Mitsubishi', 234, 0),
       (226, 'CO 9868 KT', 'T1BB77YTE6WHBG87O', 2004, 'SX4', 'Suzuki', 235, 0),
       (227, 'M 4983 XH', 'VW008XFP90227ID63', 1992, '8C', 'Alfa Romeo', 236, 0),
       (228, 'K 8201 XC', 'N4IU0TX4D13PD65D7', 2008, 'GranTurismo', 'Maserati', 237, 0),
       (229, 'KH 9218 OM', 'PDAD2XM47H580XRL1', 2010, 'Veyron', 'Bugatti', 238, 0),
       (230, 'C 1812 BX', 'HZ57VJYNY52VKJNFX', 2016, 'GT', 'McLaren', 239, 0);
/*!40000 ALTER TABLE `vehicles`
    ENABLE KEYS */;

-- Dumping data for table smart_garage.visits: ~460 rows (approximately)
/*!40000 ALTER TABLE `visits`
    DISABLE KEYS */;
INSERT INTO `visits` (`visit_id`, `date`, `vehicle_id`, `user_id`, `is_archived`)
VALUES (1, '2020-01-29 19:38:15', 1, 1, 0),
       (2, '2020-07-22 12:13:20', 1, 1, 0),
       (3, '2019-06-29 22:51:09', 2, 2, 0),
       (4, '2021-02-26 15:34:48', 2, 2, 0),
       (5, '2019-04-28 12:07:45', 3, 3, 0),
       (6, '2022-08-03 15:40:51', 3, 3, 0),
       (7, '2019-09-14 13:58:35', 4, 4, 0),
       (8, '2022-01-04 19:10:33', 4, 4, 0),
       (9, '2021-07-12 00:57:55', 5, 5, 0),
       (10, '2023-02-11 15:58:37', 5, 5, 0),
       (11, '2022-08-27 05:38:27', 6, 15, 0),
       (12, '2020-01-14 20:30:15', 6, 15, 0),
       (13, '2022-05-22 06:35:32', 7, 16, 0),
       (14, '2022-02-18 21:57:40', 7, 16, 0),
       (15, '2019-03-10 08:10:22', 8, 17, 0),
       (16, '2019-08-23 07:54:16', 8, 17, 0),
       (17, '2021-06-04 19:02:54', 9, 18, 0),
       (18, '2021-05-12 11:00:00', 9, 18, 0),
       (19, '2019-06-27 11:38:08', 10, 19, 0),
       (20, '2021-11-01 06:53:45', 10, 19, 0),
       (21, '2020-11-08 13:32:00', 11, 20, 0),
       (22, '2021-01-06 19:58:13', 11, 20, 0),
       (23, '2019-07-03 13:40:36', 12, 21, 0),
       (24, '2020-03-05 08:01:22', 12, 21, 0),
       (25, '2019-04-29 14:25:50', 13, 22, 0),
       (26, '2019-11-01 23:49:24', 13, 22, 0),
       (27, '2021-04-26 18:01:22', 14, 23, 0),
       (28, '2019-07-06 21:35:15', 14, 23, 0),
       (29, '2022-05-24 12:03:05', 15, 24, 0),
       (30, '2020-02-10 02:54:36', 15, 24, 0),
       (31, '2023-03-27 10:10:22', 16, 25, 0),
       (32, '2022-01-26 11:12:22', 16, 25, 0),
       (33, '2020-10-18 10:51:36', 17, 26, 0),
       (34, '2022-03-27 00:44:41', 17, 26, 0),
       (35, '2020-03-12 01:58:56', 18, 27, 0),
       (36, '2022-10-29 21:44:22', 18, 27, 0),
       (37, '2020-11-26 09:30:08', 19, 28, 0),
       (38, '2020-05-08 19:59:51', 19, 28, 0),
       (39, '2022-12-09 09:44:56', 20, 29, 0),
       (40, '2021-07-19 00:28:16', 20, 29, 0),
       (41, '2023-02-19 18:43:51', 21, 30, 0),
       (42, '2019-10-19 10:04:17', 21, 30, 0),
       (43, '2021-08-25 10:15:20', 22, 31, 0),
       (44, '2022-06-04 10:48:40', 22, 31, 0),
       (45, '2023-04-23 05:12:35', 23, 32, 0),
       (46, '2022-09-06 03:58:56', 23, 32, 0),
       (47, '2020-10-07 03:22:56', 24, 33, 0),
       (48, '2022-07-06 08:52:53', 24, 33, 0),
       (49, '2020-01-18 16:26:53', 25, 34, 0),
       (50, '2019-05-26 18:33:25', 25, 34, 0),
       (51, '2021-10-01 02:01:30', 26, 35, 0),
       (52, '2023-03-10 00:29:07', 26, 35, 0),
       (53, '2019-11-06 20:54:39', 27, 36, 0),
       (54, '2023-03-26 12:30:49', 27, 36, 0),
       (55, '2021-04-22 01:24:36', 28, 37, 0),
       (56, '2022-12-02 22:44:23', 28, 37, 0),
       (57, '2020-12-07 15:19:31', 29, 38, 0),
       (58, '2022-06-05 23:58:30', 29, 38, 0),
       (59, '2022-08-31 09:09:54', 30, 39, 0),
       (60, '2020-10-13 17:46:11', 30, 39, 0),
       (61, '2021-03-19 15:16:49', 31, 40, 0),
       (62, '2020-05-01 04:46:14', 31, 40, 0),
       (63, '2023-03-16 07:32:26', 32, 41, 0),
       (64, '2020-06-07 03:39:29', 32, 41, 0),
       (65, '2019-11-26 19:31:35', 33, 42, 0),
       (66, '2019-06-22 11:49:29', 33, 42, 0),
       (67, '2022-05-29 04:51:10', 34, 43, 0),
       (68, '2023-03-28 21:39:42', 34, 43, 0),
       (69, '2021-11-09 22:58:53', 35, 44, 0),
       (70, '2023-01-26 14:37:47', 35, 44, 0),
       (71, '2022-11-07 20:05:20', 36, 45, 0),
       (72, '2019-09-29 05:06:55', 36, 45, 0),
       (73, '2022-09-27 12:03:19', 37, 46, 0),
       (74, '2021-11-19 12:31:16', 37, 46, 0),
       (75, '2019-05-13 02:37:33', 38, 47, 0),
       (76, '2020-03-04 08:26:49', 38, 47, 0),
       (77, '2020-07-28 09:07:50', 39, 48, 0),
       (78, '2023-01-05 23:51:24', 39, 48, 0),
       (79, '2023-01-06 03:05:54', 40, 49, 0),
       (80, '2021-12-21 18:25:08', 40, 49, 0),
       (81, '2020-03-22 08:01:37', 41, 50, 0),
       (82, '2020-02-28 21:34:32', 41, 50, 0),
       (83, '2022-12-15 13:30:15', 42, 51, 0),
       (84, '2020-10-23 09:05:26', 42, 51, 0),
       (85, '2021-10-02 09:49:11', 43, 52, 0),
       (86, '2021-07-09 12:01:20', 43, 52, 0),
       (87, '2020-03-31 13:10:23', 44, 53, 0),
       (88, '2022-03-20 13:46:28', 44, 53, 0),
       (89, '2020-08-16 19:04:05', 45, 54, 0),
       (90, '2019-11-12 05:08:55', 45, 54, 0),
       (91, '2021-07-17 03:53:30', 46, 55, 0),
       (92, '2020-11-16 18:27:43', 46, 55, 0),
       (93, '2019-03-14 13:05:40', 47, 56, 0),
       (94, '2019-03-20 06:10:20', 47, 56, 0),
       (95, '2020-04-23 01:31:35', 48, 57, 0),
       (96, '2022-07-27 14:23:08', 48, 57, 0),
       (97, '2020-06-02 21:17:28', 49, 58, 0),
       (98, '2021-01-13 12:33:59', 49, 58, 0),
       (99, '2020-11-28 19:05:25', 50, 59, 0),
       (100, '2022-12-07 17:49:05', 50, 59, 0),
       (101, '2021-01-15 17:23:35', 51, 60, 0),
       (102, '2020-09-29 18:43:40', 51, 60, 0),
       (103, '2022-08-18 00:59:17', 52, 61, 0),
       (104, '2020-08-05 06:14:17', 52, 61, 0),
       (105, '2023-03-07 22:27:18', 53, 62, 0),
       (106, '2022-03-06 19:30:33', 53, 62, 0),
       (107, '2023-04-19 23:07:30', 54, 63, 0),
       (108, '2019-05-06 14:12:14', 54, 63, 0),
       (109, '2019-06-30 12:32:47', 55, 64, 0),
       (110, '2019-03-13 22:13:46', 55, 64, 0),
       (111, '2020-03-05 03:18:36', 56, 65, 0),
       (112, '2022-03-10 01:48:59', 56, 65, 0),
       (113, '2019-11-12 18:52:35', 57, 66, 0),
       (114, '2022-03-13 20:45:24', 57, 66, 0),
       (115, '2019-04-27 08:29:20', 58, 67, 0),
       (116, '2022-10-07 13:40:48', 58, 67, 0),
       (117, '2020-03-26 15:54:20', 59, 68, 0),
       (118, '2023-02-24 03:06:57', 59, 68, 0),
       (119, '2021-04-14 11:40:21', 60, 69, 0),
       (120, '2019-11-26 08:25:21', 60, 69, 0),
       (121, '2019-08-04 19:12:20', 61, 70, 0),
       (122, '2020-04-23 04:36:48', 61, 70, 0),
       (123, '2019-07-13 01:48:06', 62, 71, 0),
       (124, '2023-01-02 08:18:47', 62, 71, 0),
       (125, '2023-02-08 07:09:58', 63, 72, 0),
       (126, '2021-10-16 15:40:56', 63, 72, 0),
       (127, '2020-01-02 05:00:52', 64, 73, 0),
       (128, '2020-08-24 14:19:10', 64, 73, 0),
       (129, '2020-07-24 18:53:55', 65, 74, 0),
       (130, '2020-03-30 07:18:25', 65, 74, 0),
       (131, '2020-08-14 18:31:18', 66, 75, 0),
       (132, '2021-04-28 00:56:23', 66, 75, 0),
       (133, '2021-09-12 06:13:37', 67, 76, 0),
       (134, '2019-07-19 05:11:22', 67, 76, 0),
       (135, '2019-07-23 12:24:23', 68, 77, 0),
       (136, '2020-06-23 04:29:40', 68, 77, 0),
       (137, '2020-12-03 08:35:52', 69, 78, 0),
       (138, '2020-02-04 13:20:21', 69, 78, 0),
       (139, '2020-01-07 18:13:36', 70, 79, 0),
       (140, '2021-05-18 19:26:36', 70, 79, 0),
       (141, '2022-03-09 22:10:42', 71, 80, 0),
       (142, '2022-06-24 07:39:32', 71, 80, 0),
       (143, '2019-04-02 06:49:45', 72, 81, 0),
       (144, '2020-03-22 10:51:38', 72, 81, 0),
       (145, '2021-09-28 13:01:34', 73, 82, 0),
       (146, '2022-08-06 22:14:34', 73, 82, 0),
       (147, '2020-04-02 18:39:06', 74, 83, 0),
       (148, '2022-07-05 13:47:03', 74, 83, 0),
       (149, '2021-05-17 09:11:28', 75, 84, 0),
       (150, '2021-10-31 09:33:28', 75, 84, 0),
       (151, '2022-01-22 14:42:17', 76, 85, 0),
       (152, '2020-10-16 06:51:50', 76, 85, 0),
       (153, '2022-12-24 05:54:53', 77, 86, 0),
       (154, '2022-04-16 21:49:33', 77, 86, 0),
       (155, '2021-06-11 01:53:14', 78, 87, 0),
       (156, '2020-06-18 04:54:13', 78, 87, 0),
       (157, '2023-02-27 11:57:55', 79, 88, 0),
       (158, '2021-09-22 06:18:49', 79, 88, 0),
       (159, '2021-03-14 07:41:56', 80, 89, 0),
       (160, '2021-11-15 00:16:07', 80, 89, 0),
       (161, '2020-04-27 07:21:24', 81, 90, 0),
       (162, '2021-06-29 11:20:35', 81, 90, 0),
       (163, '2022-06-14 15:07:07', 82, 91, 0),
       (164, '2019-07-21 10:32:34', 82, 91, 0),
       (165, '2022-07-27 10:11:39', 83, 92, 0),
       (166, '2021-02-28 10:58:41', 83, 92, 0),
       (167, '2019-11-18 14:26:57', 84, 93, 0),
       (168, '2023-03-15 12:51:39', 84, 93, 0),
       (169, '2020-04-02 17:47:14', 85, 94, 0),
       (170, '2021-06-02 08:32:37', 85, 94, 0),
       (171, '2021-03-15 10:27:52', 86, 95, 0),
       (172, '2020-09-22 13:22:23', 86, 95, 0),
       (173, '2023-02-04 12:23:39', 87, 96, 0),
       (174, '2019-05-08 00:01:09', 87, 96, 0),
       (175, '2020-10-17 15:28:59', 88, 97, 0),
       (176, '2022-12-01 11:59:35', 88, 97, 0),
       (177, '2020-12-21 03:04:38', 89, 98, 0),
       (178, '2022-03-04 04:59:08', 89, 98, 0),
       (179, '2019-04-14 17:52:55', 90, 99, 0),
       (180, '2019-09-07 01:22:38', 90, 99, 0),
       (181, '2020-08-26 08:33:14', 91, 100, 0),
       (182, '2022-02-05 00:36:37', 91, 100, 0),
       (183, '2022-06-12 23:50:50', 92, 101, 0),
       (184, '2020-05-25 10:27:23', 92, 101, 0),
       (185, '2019-08-09 17:04:08', 93, 102, 0),
       (186, '2019-03-22 22:29:05', 93, 102, 0),
       (187, '2021-09-04 06:15:41', 94, 103, 0),
       (188, '2021-09-08 19:13:48', 94, 103, 0),
       (189, '2019-07-02 00:54:18', 95, 104, 0),
       (190, '2019-11-10 08:35:33', 95, 104, 0),
       (191, '2019-10-10 04:49:31', 96, 105, 0),
       (192, '2022-12-09 16:39:06', 96, 105, 0),
       (193, '2019-12-06 19:28:43', 97, 106, 0),
       (194, '2022-08-11 03:46:48', 97, 106, 0),
       (195, '2022-04-16 02:47:20', 98, 107, 0),
       (196, '2020-10-20 13:12:53', 98, 107, 0),
       (197, '2019-07-03 23:07:18', 99, 108, 0),
       (198, '2019-08-20 12:16:55', 99, 108, 0),
       (199, '2019-08-16 10:42:29', 100, 109, 0),
       (200, '2019-09-14 22:08:22', 100, 109, 0),
       (201, '2020-04-13 07:19:52', 101, 110, 0),
       (202, '2020-01-01 06:32:42', 101, 110, 0),
       (203, '2020-03-06 08:06:49', 102, 111, 0),
       (204, '2020-01-22 00:28:56', 102, 111, 0),
       (205, '2020-07-26 10:15:59', 103, 112, 0),
       (206, '2020-06-24 21:47:22', 103, 112, 0),
       (207, '2020-11-15 07:43:13', 104, 113, 0),
       (208, '2021-05-22 20:06:41', 104, 113, 0),
       (209, '2022-10-16 07:59:40', 105, 114, 0),
       (210, '2021-06-29 04:36:12', 105, 114, 0),
       (211, '2021-06-19 02:30:22', 106, 115, 0),
       (212, '2020-06-10 23:09:26', 106, 115, 0),
       (213, '2022-09-10 16:39:37', 107, 116, 0),
       (214, '2019-12-11 10:20:12', 107, 116, 0),
       (215, '2022-01-16 21:16:14', 108, 117, 0),
       (216, '2022-08-31 06:37:00', 108, 117, 0),
       (217, '2022-03-09 14:55:30', 109, 118, 0),
       (218, '2020-03-27 02:20:08', 109, 118, 0),
       (219, '2021-08-11 14:30:20', 110, 119, 0),
       (220, '2021-11-06 14:02:07', 110, 119, 0),
       (221, '2020-09-20 02:55:36', 111, 120, 0),
       (222, '2019-12-18 22:48:05', 111, 120, 0),
       (223, '2022-04-06 13:42:26', 112, 121, 0),
       (224, '2022-10-17 00:38:27', 112, 121, 0),
       (225, '2022-03-19 01:41:10', 113, 122, 0),
       (226, '2022-04-18 23:15:15', 113, 122, 0),
       (227, '2019-10-05 03:38:02', 114, 123, 0),
       (228, '2019-10-23 01:47:20', 114, 123, 0),
       (229, '2019-10-04 23:59:37', 115, 124, 0),
       (230, '2022-08-18 07:01:15', 115, 124, 0),
       (231, '2020-02-25 08:55:48', 116, 125, 0),
       (232, '2019-11-04 02:32:49', 116, 125, 0),
       (233, '2019-06-27 01:46:52', 117, 126, 0),
       (234, '2022-12-07 08:44:11', 117, 126, 0),
       (235, '2021-03-12 17:44:26', 118, 127, 0),
       (236, '2021-11-15 11:15:23', 118, 127, 0),
       (237, '2020-05-04 13:23:16', 119, 128, 0),
       (238, '2022-02-25 16:37:39', 119, 128, 0),
       (239, '2022-12-10 21:22:37', 120, 129, 0),
       (240, '2019-06-28 14:50:14', 120, 129, 0),
       (241, '2020-08-04 12:13:19', 121, 130, 0),
       (242, '2023-03-17 23:37:45', 121, 130, 0),
       (243, '2020-05-12 03:58:07', 122, 131, 0),
       (244, '2019-05-27 00:14:51', 122, 131, 0),
       (245, '2022-06-07 02:23:51', 123, 132, 0),
       (246, '2021-06-20 01:03:38', 123, 132, 0),
       (247, '2023-04-07 17:21:55', 124, 133, 0),
       (248, '2022-01-19 16:05:34', 124, 133, 0),
       (249, '2021-02-03 00:11:46', 125, 134, 0),
       (250, '2019-05-10 23:14:48', 125, 134, 0),
       (251, '2022-06-29 14:21:44', 126, 135, 0),
       (252, '2020-09-07 02:57:24', 126, 135, 0),
       (253, '2020-04-06 08:09:51', 127, 136, 0),
       (254, '2019-05-16 06:52:50', 127, 136, 0),
       (255, '2022-09-05 01:40:09', 128, 137, 0),
       (256, '2020-09-22 19:46:01', 128, 137, 0),
       (257, '2019-03-21 09:49:19', 129, 138, 0),
       (258, '2022-08-24 16:15:57', 129, 138, 0),
       (259, '2022-05-20 19:41:09', 130, 139, 0),
       (260, '2021-11-26 23:49:28', 130, 139, 0),
       (261, '2020-11-01 00:48:35', 131, 140, 0),
       (262, '2019-05-06 12:12:48', 131, 140, 0),
       (263, '2021-09-13 11:53:07', 132, 141, 0),
       (264, '2020-03-07 13:01:56', 132, 141, 0),
       (265, '2021-05-27 21:50:19', 133, 142, 0),
       (266, '2019-04-29 04:20:14', 133, 142, 0),
       (267, '2019-06-04 06:41:29', 134, 143, 0),
       (268, '2020-06-21 00:58:48', 134, 143, 0),
       (269, '2021-02-27 19:04:33', 135, 144, 0),
       (270, '2021-02-24 17:16:18', 135, 144, 0),
       (271, '2020-09-05 02:28:33', 136, 145, 0),
       (272, '2021-09-13 22:14:03', 136, 145, 0),
       (273, '2020-08-04 10:15:38', 137, 146, 0),
       (274, '2019-07-17 20:50:53', 137, 146, 0),
       (275, '2019-11-30 11:05:22', 138, 147, 0),
       (276, '2022-10-09 20:09:00', 138, 147, 0),
       (277, '2021-02-22 08:07:16', 139, 148, 0),
       (278, '2021-09-23 05:54:33', 139, 148, 0),
       (279, '2020-10-21 21:00:49', 140, 149, 0),
       (280, '2022-04-07 05:47:27', 140, 149, 0),
       (281, '2020-12-24 08:46:05', 141, 150, 0),
       (282, '2019-03-17 02:24:08', 141, 150, 0),
       (283, '2021-01-16 08:38:44', 142, 151, 0),
       (284, '2021-12-03 19:33:05', 142, 151, 0),
       (285, '2021-10-14 22:47:38', 143, 152, 0),
       (286, '2021-05-17 00:38:37', 143, 152, 0),
       (287, '2020-09-23 03:54:53', 144, 153, 0),
       (288, '2020-11-11 19:25:16', 144, 153, 0),
       (289, '2022-05-11 11:41:17', 145, 154, 0),
       (290, '2022-06-09 15:45:30', 145, 154, 0),
       (291, '2023-02-25 06:45:43', 146, 155, 0),
       (292, '2020-02-01 06:12:26', 146, 155, 0),
       (293, '2020-10-24 23:10:54', 147, 156, 0),
       (294, '2023-02-24 08:12:03', 147, 156, 0),
       (295, '2021-09-16 20:59:23', 148, 157, 0),
       (296, '2019-04-02 07:07:51', 148, 157, 0),
       (297, '2022-07-02 09:03:37', 149, 158, 0),
       (298, '2020-01-11 04:53:02', 149, 158, 0),
       (299, '2019-08-21 15:31:07', 150, 159, 0),
       (300, '2022-01-31 19:06:49', 150, 159, 0),
       (301, '2020-05-28 09:23:54', 151, 160, 0),
       (302, '2020-06-19 07:25:38', 151, 160, 0),
       (303, '2021-01-05 06:48:04', 152, 161, 0),
       (304, '2022-04-12 11:59:44', 152, 161, 0),
       (305, '2021-07-31 21:48:07', 153, 162, 0),
       (306, '2021-11-26 14:13:42', 153, 162, 0),
       (307, '2020-05-21 22:56:09', 154, 163, 0),
       (308, '2021-01-25 12:00:07', 154, 163, 0),
       (309, '2023-03-24 04:56:24', 155, 164, 0),
       (310, '2019-06-16 19:10:34', 155, 164, 0),
       (311, '2020-12-03 13:51:16', 156, 165, 0),
       (312, '2022-10-17 17:55:39', 156, 165, 0),
       (313, '2021-06-28 07:51:54', 157, 166, 0),
       (314, '2021-01-13 08:53:25', 157, 166, 0),
       (315, '2020-05-07 00:07:37', 158, 167, 0),
       (316, '2021-07-17 11:28:04', 158, 167, 0),
       (317, '2019-09-01 19:43:24', 159, 168, 0),
       (318, '2022-02-13 06:11:03', 159, 168, 0),
       (319, '2023-04-22 11:00:01', 160, 169, 0),
       (320, '2020-04-16 02:08:11', 160, 169, 0),
       (321, '2020-03-22 14:39:32', 161, 170, 0),
       (322, '2020-12-19 04:35:29', 161, 170, 0),
       (323, '2020-02-24 04:10:36', 162, 171, 0),
       (324, '2021-01-10 07:28:28', 162, 171, 0),
       (325, '2022-08-24 16:08:25', 163, 172, 0),
       (326, '2021-01-02 17:20:24', 163, 172, 0),
       (327, '2020-02-29 09:34:06', 164, 173, 0),
       (328, '2021-07-31 23:39:33', 164, 173, 0),
       (329, '2021-08-15 12:22:51', 165, 174, 0),
       (330, '2022-08-11 02:48:19', 165, 174, 0),
       (331, '2019-04-14 01:05:24', 166, 175, 0),
       (332, '2021-12-21 23:24:22', 166, 175, 0),
       (333, '2019-04-16 00:03:48', 167, 176, 0),
       (334, '2023-04-10 08:00:15', 167, 176, 0),
       (335, '2021-03-10 06:46:48', 168, 177, 0),
       (336, '2020-10-23 09:17:48', 168, 177, 0),
       (337, '2020-10-28 04:22:22', 169, 178, 0),
       (338, '2020-03-27 02:21:23', 169, 178, 0),
       (339, '2023-01-05 21:45:41', 170, 179, 0),
       (340, '2019-03-12 19:24:17', 170, 179, 0),
       (341, '2020-05-14 13:07:49', 171, 180, 0),
       (342, '2023-03-17 20:12:18', 171, 180, 0),
       (343, '2023-01-10 06:46:00', 172, 181, 0),
       (344, '2021-05-31 22:28:03', 172, 181, 0),
       (345, '2021-07-30 03:35:59', 173, 182, 0),
       (346, '2021-12-09 11:05:54', 173, 182, 0),
       (347, '2022-06-27 20:01:11', 174, 183, 0),
       (348, '2020-02-08 15:21:56', 174, 183, 0),
       (349, '2022-12-25 11:37:58', 175, 184, 0),
       (350, '2019-10-02 21:25:22', 175, 184, 0),
       (351, '2020-12-08 06:20:44', 176, 185, 0),
       (352, '2020-05-31 04:00:55', 176, 185, 0),
       (353, '2022-12-17 06:19:08', 177, 186, 0),
       (354, '2020-10-12 20:11:03', 177, 186, 0),
       (355, '2021-05-27 12:39:56', 178, 187, 0),
       (356, '2020-04-19 17:27:15', 178, 187, 0),
       (357, '2019-06-13 13:46:01', 179, 188, 0),
       (358, '2020-01-21 07:53:10', 179, 188, 0),
       (359, '2019-06-06 12:23:57', 180, 189, 0),
       (360, '2022-08-08 05:03:07', 180, 189, 0),
       (361, '2020-11-23 23:13:21', 181, 190, 0),
       (362, '2020-04-05 17:03:48', 181, 190, 0),
       (363, '2021-04-06 02:05:43', 182, 191, 0),
       (364, '2020-01-04 05:44:08', 182, 191, 0),
       (365, '2022-08-04 08:38:02', 183, 192, 0),
       (366, '2021-07-04 23:16:51', 183, 192, 0),
       (367, '2022-03-17 17:23:31', 184, 193, 0),
       (368, '2022-03-13 23:00:33', 184, 193, 0),
       (369, '2021-09-13 06:55:16', 185, 194, 0),
       (370, '2022-04-16 08:53:42', 185, 194, 0),
       (371, '2021-06-06 05:36:24', 186, 195, 0),
       (372, '2020-09-23 16:28:36', 186, 195, 0),
       (373, '2019-08-14 15:17:13', 187, 196, 0),
       (374, '2023-03-03 00:55:01', 187, 196, 0),
       (375, '2022-04-08 08:51:31', 188, 197, 0),
       (376, '2019-05-10 23:29:49', 188, 197, 0),
       (377, '2023-02-23 16:48:13', 189, 198, 0),
       (378, '2019-03-16 15:34:52', 189, 198, 0),
       (379, '2020-02-03 14:53:19', 190, 199, 0),
       (380, '2019-09-19 12:19:35', 190, 199, 0),
       (381, '2022-06-03 08:27:47', 191, 200, 0),
       (382, '2023-02-13 15:27:37', 191, 200, 0),
       (383, '2020-07-09 13:41:40', 192, 201, 0),
       (384, '2020-02-07 17:28:05', 192, 201, 0),
       (385, '2021-06-06 14:53:52', 193, 202, 0),
       (386, '2022-03-20 05:05:29', 193, 202, 0),
       (387, '2021-04-16 21:06:37', 194, 203, 0),
       (388, '2019-03-19 17:47:11', 194, 203, 0),
       (389, '2022-03-16 20:17:19', 195, 204, 0),
       (390, '2023-03-13 19:45:08', 195, 204, 0),
       (391, '2022-07-20 19:30:38', 196, 205, 0),
       (392, '2020-06-04 19:11:20', 196, 205, 0),
       (393, '2022-06-01 19:52:14', 197, 206, 0),
       (394, '2020-04-02 05:37:43', 197, 206, 0),
       (395, '2019-09-27 02:11:25', 198, 207, 0),
       (396, '2021-06-10 04:41:37', 198, 207, 0),
       (397, '2020-12-05 10:10:25', 199, 208, 0),
       (398, '2019-10-20 19:00:55', 199, 208, 0),
       (399, '2021-11-13 15:48:49', 200, 209, 0),
       (400, '2020-04-24 22:09:43', 200, 209, 0),
       (401, '2022-04-06 20:15:37', 201, 210, 0),
       (402, '2020-09-25 17:59:23', 201, 210, 0),
       (403, '2020-05-09 02:53:32', 202, 211, 0),
       (404, '2022-06-27 00:18:03', 202, 211, 0),
       (405, '2019-06-21 04:58:16', 203, 212, 0),
       (406, '2022-01-13 01:48:23', 203, 212, 0),
       (407, '2020-04-09 22:44:53', 204, 213, 0),
       (408, '2021-09-21 05:47:42', 204, 213, 0),
       (409, '2023-04-17 16:39:38', 205, 214, 0),
       (410, '2020-06-04 03:02:18', 205, 214, 0),
       (411, '2019-03-19 08:32:11', 206, 215, 0),
       (412, '2020-07-03 11:28:45', 206, 215, 0),
       (413, '2022-12-20 01:14:48', 207, 216, 0),
       (414, '2022-09-05 08:40:43', 207, 216, 0),
       (415, '2021-02-15 01:05:15', 208, 217, 0),
       (416, '2020-06-05 07:59:10', 208, 217, 0),
       (417, '2020-09-30 19:47:24', 209, 218, 0),
       (418, '2020-02-14 23:49:18', 209, 218, 0),
       (419, '2020-09-03 15:47:37', 210, 219, 0),
       (420, '2023-03-16 15:47:40', 210, 219, 0),
       (421, '2020-09-03 02:25:31', 211, 220, 0),
       (422, '2022-07-17 23:28:02', 211, 220, 0),
       (423, '2021-09-30 14:44:55', 212, 221, 0),
       (424, '2022-04-30 04:23:31', 212, 221, 0),
       (425, '2023-02-17 04:36:59', 213, 222, 0),
       (426, '2020-06-11 22:25:27', 213, 222, 0),
       (427, '2021-10-05 10:45:55', 214, 223, 0),
       (428, '2019-07-03 18:51:34', 214, 223, 0),
       (429, '2021-01-28 18:57:04', 215, 224, 0),
       (430, '2021-06-12 04:12:57', 215, 224, 0),
       (431, '2019-05-27 16:05:34', 216, 225, 0),
       (432, '2020-03-19 13:30:55', 216, 225, 0),
       (433, '2020-10-27 22:30:00', 217, 226, 0),
       (434, '2023-04-11 12:20:09', 217, 226, 0),
       (435, '2022-11-26 15:18:23', 218, 227, 0),
       (436, '2020-02-01 17:47:12', 218, 227, 0),
       (437, '2022-08-21 22:56:21', 219, 228, 0),
       (438, '2020-01-24 12:30:02', 219, 228, 0),
       (439, '2020-04-11 02:18:20', 220, 229, 0),
       (440, '2020-02-24 04:23:28', 220, 229, 0),
       (441, '2022-11-12 06:02:33', 221, 230, 0),
       (442, '2020-02-14 01:23:10', 221, 230, 0),
       (443, '2022-09-03 00:59:52', 222, 231, 0),
       (444, '2019-08-28 00:56:15', 222, 231, 0),
       (445, '2021-04-24 03:43:49', 223, 232, 0),
       (446, '2022-05-15 06:54:29', 223, 232, 0),
       (447, '2019-10-06 20:08:52', 224, 233, 0),
       (448, '2022-11-07 02:36:37', 224, 233, 0),
       (449, '2020-01-14 08:15:07', 225, 234, 0),
       (450, '2021-04-22 21:24:41', 225, 234, 0),
       (451, '2019-08-09 04:43:37', 226, 235, 0),
       (452, '2022-03-26 16:42:06', 226, 235, 0),
       (453, '2021-04-06 12:04:25', 227, 236, 0),
       (454, '2020-05-11 19:04:22', 227, 236, 0),
       (455, '2022-11-19 00:53:48', 228, 237, 0),
       (456, '2020-01-30 09:01:07', 228, 237, 0),
       (457, '2021-07-05 08:28:39', 229, 238, 0),
       (458, '2022-07-02 10:30:45', 229, 238, 0),
       (459, '2022-06-09 20:23:35', 230, 239, 0),
       (460, '2021-09-27 03:01:59', 230, 239, 0);
/*!40000 ALTER TABLE `visits`
    ENABLE KEYS */;

-- Dumping data for table smart_garage.visits_repairs: ~644 rows (approximately)
/*!40000 ALTER TABLE `visits_repairs`
    DISABLE KEYS */;
INSERT INTO `visits_repairs` (`visit_id`, `repair_id`)
VALUES (1, 25),
       (2, 32),
       (3, 12),
       (4, 18),
       (4, 25),
       (5, 16),
       (6, 8),
       (7, 5),
       (7, 6),
       (8, 36),
       (9, 25),
       (10, 28),
       (11, 20),
       (12, 10),
       (13, 23),
       (14, 36),
       (15, 34),
       (16, 8),
       (16, 38),
       (16, 42),
       (17, 42),
       (18, 5),
       (18, 29),
       (18, 35),
       (19, 17),
       (20, 18),
       (21, 33),
       (22, 37),
       (23, 8),
       (23, 10),
       (23, 42),
       (24, 25),
       (25, 14),
       (26, 28),
       (27, 7),
       (27, 9),
       (27, 28),
       (28, 5),
       (28, 30),
       (28, 38),
       (29, 6),
       (30, 9),
       (31, 18),
       (32, 23),
       (33, 10),
       (33, 16),
       (33, 26),
       (34, 6),
       (34, 15),
       (34, 39),
       (35, 15),
       (35, 26),
       (35, 30),
       (36, 5),
       (36, 13),
       (36, 15),
       (37, 5),
       (38, 37),
       (39, 16),
       (39, 23),
       (39, 37),
       (40, 31),
       (41, 29),
       (42, 13),
       (42, 23),
       (42, 31),
       (43, 6),
       (43, 21),
       (43, 38),
       (44, 25),
       (45, 14),
       (46, 22),
       (47, 35),
       (48, 26),
       (49, 10),
       (50, 10),
       (51, 6),
       (52, 28),
       (53, 31),
       (54, 19),
       (55, 23),
       (56, 6),
       (57, 12),
       (58, 35),
       (59, 19),
       (60, 32),
       (61, 25),
       (62, 5),
       (63, 32),
       (64, 18),
       (65, 11),
       (66, 24),
       (67, 23),
       (68, 26),
       (69, 5),
       (69, 17),
       (69, 33),
       (70, 35),
       (71, 23),
       (72, 29),
       (73, 33),
       (74, 4),
       (74, 14),
       (74, 20),
       (75, 40),
       (76, 24),
       (77, 15),
       (78, 15),
       (79, 19),
       (80, 32),
       (81, 31),
       (82, 29),
       (83, 16),
       (84, 4),
       (84, 22),
       (84, 31),
       (85, 22),
       (86, 11),
       (86, 13),
       (86, 19),
       (87, 6),
       (87, 30),
       (87, 33),
       (88, 15),
       (89, 38),
       (90, 40),
       (91, 15),
       (92, 19),
       (92, 33),
       (92, 39),
       (93, 25),
       (94, 10),
       (94, 14),
       (94, 41),
       (95, 34),
       (96, 22),
       (97, 14),
       (97, 26),
       (97, 28),
       (98, 4),
       (99, 10),
       (99, 34),
       (99, 38),
       (100, 25),
       (101, 12),
       (101, 16),
       (101, 29),
       (102, 42),
       (103, 28),
       (104, 25),
       (105, 9),
       (105, 18),
       (105, 23),
       (106, 24),
       (107, 35),
       (108, 16),
       (109, 25),
       (110, 16),
       (111, 31),
       (112, 36),
       (113, 4),
       (114, 13),
       (115, 24),
       (116, 23),
       (117, 6),
       (118, 14),
       (118, 30),
       (118, 38),
       (119, 35),
       (120, 8),
       (121, 6),
       (121, 22),
       (121, 40),
       (122, 42),
       (123, 21),
       (124, 29),
       (124, 32),
       (124, 38),
       (125, 6),
       (126, 22),
       (127, 29),
       (128, 11),
       (129, 13),
       (129, 14),
       (129, 22),
       (130, 10),
       (131, 16),
       (132, 12),
       (133, 9),
       (133, 14),
       (133, 36),
       (134, 33),
       (135, 27),
       (136, 12),
       (137, 29),
       (137, 36),
       (137, 39),
       (138, 13),
       (139, 16),
       (140, 40),
       (141, 36),
       (142, 18),
       (143, 14),
       (144, 7),
       (145, 11),
       (146, 15),
       (147, 6),
       (148, 24),
       (149, 41),
       (150, 13),
       (151, 26),
       (152, 20),
       (153, 25),
       (154, 10),
       (155, 35),
       (156, 31),
       (157, 21),
       (158, 37),
       (159, 27),
       (160, 18),
       (161, 40),
       (162, 11),
       (163, 10),
       (163, 18),
       (163, 42),
       (164, 36),
       (165, 16),
       (166, 8),
       (166, 19),
       (166, 31),
       (167, 13),
       (167, 21),
       (167, 23),
       (168, 24),
       (168, 26),
       (168, 30),
       (169, 34),
       (170, 27),
       (171, 11),
       (171, 27),
       (171, 41),
       (172, 29),
       (173, 15),
       (173, 17),
       (173, 31),
       (174, 22),
       (175, 32),
       (176, 18),
       (177, 16),
       (178, 13),
       (179, 18),
       (180, 8),
       (181, 5),
       (181, 12),
       (181, 34),
       (182, 35),
       (183, 8),
       (183, 13),
       (183, 17),
       (184, 9),
       (185, 33),
       (186, 11),
       (186, 15),
       (186, 25),
       (187, 15),
       (187, 25),
       (187, 33),
       (188, 23),
       (189, 41),
       (190, 10),
       (191, 4),
       (192, 14),
       (193, 28),
       (194, 32),
       (195, 11),
       (196, 35),
       (197, 11),
       (197, 25),
       (197, 26),
       (198, 4),
       (199, 8),
       (200, 13),
       (201, 20),
       (201, 35),
       (201, 41),
       (202, 27),
       (203, 7),
       (204, 13),
       (205, 25),
       (206, 24),
       (207, 6),
       (207, 14),
       (207, 20),
       (208, 39),
       (209, 23),
       (210, 28),
       (211, 42),
       (212, 34),
       (213, 16),
       (213, 26),
       (214, 5),
       (214, 13),
       (214, 40),
       (215, 28),
       (216, 32),
       (217, 17),
       (218, 35),
       (219, 26),
       (220, 38),
       (221, 9),
       (221, 28),
       (221, 37),
       (222, 13),
       (223, 11),
       (224, 25),
       (225, 29),
       (226, 8),
       (226, 17),
       (226, 36),
       (227, 36),
       (227, 37),
       (227, 38),
       (228, 8),
       (229, 7),
       (229, 12),
       (229, 30),
       (230, 12),
       (231, 11),
       (232, 7),
       (233, 35),
       (234, 7),
       (235, 6),
       (236, 6),
       (236, 30),
       (236, 40),
       (237, 37),
       (238, 23),
       (239, 39),
       (240, 14),
       (241, 40),
       (242, 5),
       (242, 33),
       (242, 36),
       (243, 14),
       (244, 9),
       (244, 34),
       (244, 38),
       (245, 37),
       (246, 36),
       (247, 18),
       (248, 17),
       (249, 31),
       (250, 19),
       (251, 8),
       (252, 41),
       (253, 34),
       (254, 16),
       (254, 23),
       (254, 33),
       (255, 20),
       (256, 15),
       (257, 11),
       (257, 25),
       (257, 30),
       (258, 14),
       (258, 18),
       (258, 38),
       (259, 13),
       (260, 9),
       (260, 24),
       (260, 28),
       (261, 16),
       (262, 17),
       (262, 19),
       (262, 40),
       (263, 42),
       (264, 30),
       (265, 5),
       (266, 35),
       (267, 6),
       (268, 38),
       (269, 23),
       (270, 15),
       (271, 5),
       (271, 9),
       (271, 35),
       (272, 27),
       (272, 36),
       (272, 41),
       (273, 18),
       (274, 26),
       (275, 10),
       (276, 23),
       (277, 30),
       (278, 27),
       (279, 28),
       (280, 31),
       (281, 30),
       (282, 16),
       (282, 20),
       (282, 30),
       (283, 26),
       (284, 20),
       (285, 6),
       (285, 29),
       (285, 34),
       (286, 41),
       (287, 30),
       (288, 23),
       (289, 37),
       (290, 11),
       (291, 35),
       (292, 22),
       (293, 30),
       (294, 24),
       (295, 23),
       (296, 16),
       (297, 40),
       (298, 11),
       (299, 16),
       (299, 36),
       (299, 38),
       (300, 11),
       (301, 21),
       (302, 11),
       (303, 28),
       (304, 33),
       (305, 10),
       (306, 6),
       (306, 13),
       (306, 40),
       (307, 30),
       (308, 12),
       (309, 10),
       (310, 9),
       (310, 16),
       (310, 18),
       (311, 4),
       (311, 33),
       (311, 38),
       (312, 18),
       (312, 21),
       (312, 23),
       (313, 9),
       (314, 11),
       (314, 29),
       (314, 34),
       (315, 4),
       (316, 6),
       (317, 10),
       (318, 16),
       (319, 39),
       (320, 5),
       (320, 18),
       (320, 19),
       (321, 8),
       (322, 17),
       (323, 28),
       (324, 26),
       (325, 5),
       (326, 16),
       (327, 5),
       (327, 7),
       (327, 14),
       (328, 17),
       (329, 23),
       (330, 5),
       (331, 22),
       (332, 5),
       (332, 32),
       (332, 40),
       (333, 15),
       (334, 33),
       (335, 35),
       (336, 20),
       (336, 27),
       (336, 39),
       (337, 26),
       (338, 15),
       (339, 37),
       (340, 14),
       (341, 22),
       (342, 32),
       (343, 4),
       (343, 11),
       (343, 24),
       (344, 18),
       (345, 4),
       (346, 26),
       (347, 7),
       (348, 16),
       (349, 27),
       (350, 31),
       (351, 25),
       (352, 22),
       (352, 31),
       (352, 37),
       (353, 10),
       (354, 33),
       (355, 32),
       (356, 4),
       (356, 5),
       (356, 30),
       (357, 30),
       (358, 11),
       (359, 14),
       (360, 24),
       (360, 32),
       (360, 35),
       (361, 8),
       (362, 15),
       (363, 13),
       (364, 40),
       (365, 18),
       (366, 8),
       (367, 36),
       (368, 31),
       (369, 5),
       (369, 8),
       (369, 40),
       (370, 14),
       (371, 38),
       (372, 9),
       (373, 17),
       (374, 21),
       (375, 38),
       (376, 11),
       (377, 5),
       (377, 8),
       (377, 21),
       (378, 7),
       (379, 6),
       (379, 39),
       (379, 40),
       (380, 36),
       (381, 9),
       (382, 16),
       (383, 9),
       (383, 11),
       (383, 13),
       (384, 16),
       (384, 24),
       (384, 27),
       (385, 6),
       (386, 26),
       (387, 14),
       (388, 16),
       (388, 27),
       (388, 30),
       (389, 31),
       (390, 28),
       (391, 9),
       (391, 14),
       (391, 30),
       (392, 6),
       (392, 17),
       (392, 32),
       (393, 30),
       (394, 40),
       (395, 26),
       (396, 13),
       (397, 41),
       (398, 40),
       (399, 8),
       (400, 41),
       (401, 22),
       (402, 34),
       (403, 31),
       (403, 34),
       (403, 39),
       (404, 5),
       (404, 19),
       (404, 37),
       (405, 24),
       (405, 29),
       (406, 24),
       (406, 27),
       (406, 42),
       (407, 14),
       (408, 4),
       (408, 22),
       (408, 33),
       (409, 6),
       (410, 12),
       (411, 36),
       (412, 25),
       (413, 17),
       (414, 5),
       (415, 39),
       (416, 9),
       (416, 11),
       (416, 24),
       (417, 33),
       (418, 16),
       (419, 6),
       (420, 39),
       (421, 16),
       (422, 5),
       (423, 30),
       (424, 13),
       (425, 25),
       (426, 11),
       (426, 29),
       (426, 34),
       (427, 22),
       (427, 32),
       (427, 40),
       (428, 26),
       (429, 33),
       (430, 17),
       (431, 30),
       (432, 40),
       (433, 14),
       (433, 26),
       (433, 38),
       (434, 27),
       (435, 10),
       (436, 10),
       (436, 12),
       (436, 31),
       (437, 23),
       (438, 12),
       (439, 25),
       (440, 11),
       (441, 28),
       (442, 29),
       (443, 16),
       (444, 39),
       (445, 40),
       (446, 8),
       (447, 30),
       (448, 5),
       (449, 35),
       (450, 30),
       (451, 6),
       (452, 18),
       (453, 12),
       (454, 24),
       (455, 21),
       (456, 31),
       (457, 12),
       (458, 40),
       (459, 39),
       (460, 27);
/*!40000 ALTER TABLE `visits_repairs`
    ENABLE KEYS */;

/*!40101 SET SQL_MODE = IFNULL(@OLD_SQL_MODE, '') */;
/*!40014 SET FOREIGN_KEY_CHECKS = IFNULL(@OLD_FOREIGN_KEY_CHECKS, 1) */;
/*!40101 SET CHARACTER_SET_CLIENT = @OLD_CHARACTER_SET_CLIENT */;
/*!40111 SET SQL_NOTES = IFNULL(@OLD_SQL_NOTES, 1) */;
